start_date,city,#trips
2019-01-01,Chicago,1312
2019-01-01,NYC,21962
2019-01-01,San Francisco,2437
2019-01-02,Chicago,4170
2019-01-02,NYC,37797
2019-01-02,San Francisco,5820
2019-01-03,Chicago,5618
2019-01-03,NYC,41676
2019-01-03,San Francisco,6351
2019-01-04,Chicago,6793
2019-01-04,NYC,43922
2019-01-04,San Francisco,6447
2019-01-05,Chicago,6179
2019-01-05,NYC,17432
2019-01-05,San Francisco,2119
2019-01-06,Chicago,3677
2019-01-06,NYC,31451
2019-01-06,San Francisco,678
2019-01-07,Chicago,4731
2019-01-07,NYC,36486
2019-01-07,San Francisco,6901
2019-01-08,Chicago,6951
2019-01-08,NYC,41163
2019-01-08,San Francisco,7186
2019-01-09,Chicago,5100
2019-01-09,NYC,44338
2019-01-09,San Francisco,7072
2019-01-10,Chicago,5245
2019-01-10,NYC,38971
2019-01-10,San Francisco,7694
2019-01-11,Chicago,5750
2019-01-11,NYC,32805
2019-01-11,San Francisco,5811
2019-01-12,Chicago,1394
2019-01-12,NYC,25131
2019-01-12,San Francisco,4383
2019-01-13,Chicago,1759
2019-01-13,NYC,22752
2019-01-13,San Francisco,3849
2019-01-14,Chicago,5074
2019-01-14,NYC,34970
2019-01-14,San Francisco,7039
2019-01-15,Chicago,5246
2019-01-15,NYC,39068
2019-01-15,San Francisco,3451
2019-01-16,Chicago,5725
2019-01-16,NYC,40349
2019-01-16,San Francisco,4502
2019-01-17,Chicago,5682
2019-01-17,NYC,38956
2019-01-17,San Francisco,5783
2019-01-18,Chicago,4993
2019-01-18,NYC,34227
2019-01-18,San Francisco,7586
2019-01-19,Chicago,528
2019-01-19,NYC,23748
2019-01-19,San Francisco,5012
2019-01-20,Chicago,757
2019-01-20,NYC,14249
2019-01-20,San Francisco,2546
2019-01-21,Chicago,1646
2019-01-21,NYC,10291
2019-01-21,San Francisco,5285
2019-01-22,Chicago,2883
2019-01-22,NYC,28562
2019-01-22,San Francisco,8725
2019-01-23,Chicago,2995
2019-01-23,NYC,41483
2019-01-23,San Francisco,9066
2019-01-24,Chicago,3210
2019-01-24,NYC,20081
2019-01-24,San Francisco,9280
2019-01-25,Chicago,1726
2019-01-25,NYC,38813
2019-01-25,San Francisco,8901
2019-01-26,Chicago,826
2019-01-26,NYC,26298
2019-01-26,San Francisco,5508
2019-01-27,Chicago,708
2019-01-27,NYC,30021
2019-01-27,San Francisco,4984
2019-01-28,Chicago,1034
2019-01-28,NYC,35584
2019-01-28,San Francisco,9417
2019-01-29,Chicago,1041
2019-01-29,NYC,30928
2019-01-29,San Francisco,9539
2019-01-30,Chicago,165
2019-01-30,NYC,25142
2019-01-30,San Francisco,9370
2019-01-31,Chicago,354
2019-01-31,NYC,18631
2019-01-31,San Francisco,9340
2019-02-01,Chicago,1790
2019-02-01,NYC,24982
2019-02-01,San Francisco,6133
2019-02-02,Chicago,1905
2019-02-02,NYC,22002
2019-02-02,San Francisco,3231
2019-02-03,Chicago,2582
2019-02-03,NYC,31934
2019-02-03,San Francisco,2841
2019-02-04,Chicago,5594
2019-02-04,NYC,46376
2019-02-04,San Francisco,5491
2019-02-05,Chicago,5248
2019-02-05,NYC,54161
2019-02-05,San Francisco,8486
2019-02-06,Chicago,5484
2019-02-06,NYC,39215
2019-02-06,San Francisco,9057
2019-02-07,Chicago,3956
2019-02-07,NYC,43177
2019-02-07,San Francisco,9234
2019-02-08,Chicago,2882
2019-02-08,NYC,36454
2019-02-08,San Francisco,6356
2019-02-09,Chicago,1948
2019-02-09,NYC,23765
2019-02-09,San Francisco,2730
2019-02-10,Chicago,1417
2019-02-10,NYC,24131
2019-02-10,San Francisco,3960
2019-02-11,Chicago,4071
2019-02-11,NYC,38636
2019-02-11,San Francisco,8681
2019-02-12,Chicago,2368
2019-02-12,NYC,15854
2019-02-12,San Francisco,8473
2019-02-13,Chicago,3681
2019-02-13,NYC,34941
2019-02-13,San Francisco,3202
2019-02-14,Chicago,5710
2019-02-14,NYC,41650
2019-02-14,San Francisco,6598
2019-02-15,Chicago,3748
2019-02-15,NYC,46863
2019-02-15,San Francisco,7288
2019-02-16,Chicago,2240
2019-02-16,NYC,31034
2019-02-16,San Francisco,3993
2019-02-17,Chicago,1002
2019-02-17,NYC,24037
2019-02-17,San Francisco,4225
2019-02-18,Chicago,2227
2019-02-18,NYC,25827
2019-02-18,San Francisco,5647
2019-02-19,Chicago,4539
2019-02-19,NYC,34676
2019-02-19,San Francisco,9467
2019-02-20,Chicago,3393
2019-02-20,NYC,20426
2019-02-20,San Francisco,9667
2019-02-21,Chicago,5031
2019-02-21,NYC,39499
2019-02-21,San Francisco,9536
2019-02-22,Chicago,5253
2019-02-22,NYC,41794
2019-02-22,San Francisco,9204
2019-02-23,Chicago,1314
2019-02-23,NYC,31608
2019-02-23,San Francisco,5451
2019-02-24,Chicago,1386
2019-02-24,NYC,24272
2019-02-24,San Francisco,4497
2019-02-25,Chicago,3878
2019-02-25,NYC,34216
2019-02-25,San Francisco,7033
2019-02-26,Chicago,4183
2019-02-26,NYC,37516
2019-02-26,San Francisco,5387
2019-02-27,Chicago,4790
2019-02-27,NYC,36475
2019-02-27,San Francisco,7715
2019-02-28,Chicago,4566
2019-02-28,NYC,38223
2019-02-28,San Francisco,9829
2019-03-01,Chicago,4989
2019-03-01,NYC,30233
2019-03-01,San Francisco,9078
2019-03-02,Chicago,2443
2019-03-02,NYC,18001
2019-03-02,San Francisco,3073
2019-03-03,Chicago,1649
2019-03-03,NYC,23239
2019-03-03,San Francisco,4066
2019-03-04,Chicago,2721
2019-03-04,NYC,28421
2019-03-04,San Francisco,8940
2019-03-05,Chicago,3556
2019-03-05,NYC,37097
2019-03-05,San Francisco,7101
2019-03-06,Chicago,4395
2019-03-06,NYC,33279
2019-03-06,San Francisco,7233
2019-03-07,Chicago,4754
2019-03-07,NYC,35907
2019-03-07,San Francisco,9850
2019-03-08,Chicago,4992
2019-03-08,NYC,40406
2019-03-08,San Francisco,9393
2019-03-09,Chicago,2085
2019-03-09,NYC,38928
2019-03-09,San Francisco,4050
2019-03-10,Chicago,2263
2019-03-10,NYC,18897
2019-03-10,San Francisco,4211
2019-03-11,Chicago,6235
2019-03-11,NYC,52413
2019-03-11,San Francisco,10018
2019-03-12,Chicago,7815
2019-03-12,NYC,47207
2019-03-12,San Francisco,10657
2019-03-13,Chicago,6354
2019-03-13,NYC,50120
2019-03-13,San Francisco,10683
2019-03-14,Chicago,6887
2019-03-14,NYC,57466
2019-03-14,San Francisco,10701
2019-03-15,Chicago,5510
2019-03-15,NYC,57506
2019-03-15,San Francisco,10417
2019-03-16,Chicago,4243
2019-03-16,NYC,42138
2019-03-16,San Francisco,7149
2019-03-17,Chicago,4544
2019-03-17,NYC,36824
2019-03-17,San Francisco,6780
2019-03-18,Chicago,7020
2019-03-18,NYC,46532
2019-03-18,San Francisco,10977
2019-03-19,Chicago,8543
2019-03-19,NYC,52981
2019-03-19,San Francisco,11638
2019-03-20,Chicago,4970
2019-03-20,NYC,55379
2019-03-20,San Francisco,9265
2019-03-21,Chicago,6555
2019-03-21,NYC,21238
2019-03-21,San Francisco,11218
2019-03-22,Chicago,6971
2019-03-22,NYC,35463
2019-03-22,San Francisco,6327
2019-03-23,Chicago,6668
2019-03-23,NYC,37375
2019-03-23,San Francisco,6598
2019-03-24,Chicago,3251
2019-03-24,NYC,50312
2019-03-24,San Francisco,6031
2019-03-25,Chicago,6168
2019-03-25,NYC,53451
2019-03-25,San Francisco,7273
2019-03-26,Chicago,7320
2019-03-26,NYC,55414
2019-03-26,San Francisco,10193
2019-03-27,Chicago,9192
2019-03-27,NYC,54473
2019-03-27,San Francisco,9798
2019-03-28,Chicago,9335
2019-03-28,NYC,58529
2019-03-28,San Francisco,9896
2019-03-29,Chicago,7650
2019-03-29,NYC,59307
2019-03-29,San Francisco,10018
2019-03-30,Chicago,3529
2019-03-30,NYC,66662
2019-03-30,San Francisco,7010
2019-03-31,Chicago,3004
2019-03-31,NYC,32762
2019-03-31,San Francisco,6657
2019-04-01,Chicago,7560
2019-04-01,NYC,51391
2019-04-01,San Francisco,9827
2019-04-02,Chicago,8696
2019-04-02,NYC,57891
2019-04-02,San Francisco,8834
2019-04-03,Chicago,9217
2019-04-03,NYC,67911
2019-04-03,San Francisco,11085
2019-04-04,Chicago,4675
2019-04-04,NYC,66396
2019-04-04,San Francisco,11347
2019-04-05,Chicago,8616
2019-04-05,NYC,34459
2019-04-05,San Francisco,8862
2019-04-06,Chicago,10132
2019-04-06,NYC,66529
2019-04-06,San Francisco,7155
2019-04-07,Chicago,6604
2019-04-07,NYC,64709
2019-04-07,San Francisco,7147
2019-04-08,Chicago,13947
2019-04-08,NYC,70500
2019-04-08,San Francisco,10578
2019-04-09,Chicago,13327
2019-04-09,NYC,59327
2019-04-09,San Francisco,12335
2019-04-10,Chicago,6212
2019-04-10,NYC,70977
2019-04-10,San Francisco,12567
2019-04-11,Chicago,8699
2019-04-11,NYC,62414
2019-04-11,San Francisco,12170
2019-04-12,Chicago,8604
2019-04-12,NYC,57998
2019-04-12,San Francisco,12325
2019-04-13,Chicago,8363
2019-04-13,NYC,71492
2019-04-13,San Francisco,8050
2019-04-14,Chicago,692
2019-04-14,NYC,58470
2019-04-14,San Francisco,4034
2019-04-15,Chicago,8706
2019-04-15,NYC,45654
2019-04-15,San Francisco,5877
2019-04-16,Chicago,12179
2019-04-16,NYC,63316
2019-04-16,San Francisco,6947
2019-04-17,Chicago,12467
2019-04-17,NYC,65238
2019-04-17,San Francisco,7482
2019-04-18,Chicago,6478
2019-04-18,NYC,61555
2019-04-18,San Francisco,7843
2019-04-19,Chicago,6515
2019-04-19,NYC,64933
2019-04-19,San Francisco,6922
2019-04-20,Chicago,8152
2019-04-20,NYC,36784
2019-04-20,San Francisco,3636
2019-04-21,Chicago,13159
2019-04-21,NYC,51865
2019-04-21,San Francisco,3470
2019-04-22,Chicago,14617
2019-04-22,NYC,44109
2019-04-22,San Francisco,7485
2019-04-23,Chicago,11029
2019-04-23,NYC,75434
2019-04-23,San Francisco,7864
2019-04-24,Chicago,12080
2019-04-24,NYC,77723
2019-04-24,San Francisco,7718
2019-04-25,Chicago,12646
2019-04-25,NYC,60821
2019-04-25,San Francisco,7490
2019-04-26,Chicago,13726
2019-04-26,NYC,37115
2019-04-26,San Francisco,7353
2019-04-27,Chicago,1633
2019-04-27,NYC,56434
2019-04-27,San Francisco,4229
2019-04-28,Chicago,6635
2019-04-28,NYC,41200
2019-04-28,San Francisco,3706
2019-04-29,Chicago,5169
2019-04-29,NYC,60789
2019-04-29,San Francisco,7146
2019-04-30,Chicago,4775
2019-04-30,NYC,62660
2019-04-30,San Francisco,7627
2019-05-01,Chicago,8854
2019-05-01,NYC,60897
2019-05-01,San Francisco,7877
2019-05-02,Chicago,6064
2019-05-02,NYC,68701
2019-05-02,San Francisco,7535
2019-05-03,Chicago,10254
2019-05-03,NYC,62405
2019-05-03,San Francisco,7107
2019-05-04,Chicago,11370
2019-05-04,NYC,56023
2019-05-04,San Francisco,3798
2019-05-05,Chicago,16370
2019-05-05,NYC,16169
2019-05-05,San Francisco,3601
2019-05-06,Chicago,10751
2019-05-06,NYC,69914
2019-05-06,San Francisco,6844
2019-05-07,Chicago,8073
2019-05-07,NYC,72824
2019-05-07,San Francisco,7379
2019-05-08,Chicago,10803
2019-05-08,NYC,76389
2019-05-08,San Francisco,7539
2019-05-09,Chicago,11687
2019-05-09,NYC,66681
2019-05-09,San Francisco,7511
2019-05-10,Chicago,11441
2019-05-10,NYC,68039
2019-05-10,San Francisco,6883
2019-05-11,Chicago,5125
2019-05-11,NYC,69788
2019-05-11,San Francisco,4192
2019-05-12,Chicago,4939
2019-05-12,NYC,10729
2019-05-12,San Francisco,3364
2019-05-13,Chicago,12645
2019-05-13,NYC,22296
2019-05-13,San Francisco,7154
2019-05-14,Chicago,14973
2019-05-14,NYC,42780
2019-05-14,San Francisco,7337
2019-05-15,Chicago,16457
2019-05-15,NYC,74307
2019-05-15,San Francisco,3747
2019-05-16,Chicago,13987
2019-05-16,NYC,77878
2019-05-16,San Francisco,5253
2019-05-17,Chicago,9201
2019-05-17,NYC,72112
2019-05-17,San Francisco,7024
2019-05-18,Chicago,10365
2019-05-18,NYC,73143
2019-05-18,San Francisco,1496
2019-05-19,Chicago,9514
2019-05-19,NYC,69920
2019-05-19,San Francisco,3312
2019-05-20,Chicago,12202
2019-05-20,NYC,74489
2019-05-20,San Francisco,7450
2019-05-21,Chicago,8386
2019-05-21,NYC,79254
2019-05-21,San Francisco,5947
2019-05-22,Chicago,17102
2019-05-22,NYC,82007
2019-05-22,San Francisco,7742
2019-05-23,Chicago,17999
2019-05-23,NYC,56575
2019-05-23,San Francisco,7334
2019-05-24,Chicago,11301
2019-05-24,NYC,74857
2019-05-24,San Francisco,6251
2019-05-25,Chicago,16482
2019-05-25,NYC,59492
2019-05-25,San Francisco,3757
2019-05-26,Chicago,12761
2019-05-26,NYC,49950
2019-05-26,San Francisco,2814
2019-05-27,Chicago,7323
2019-05-27,NYC,66595
2019-05-27,San Francisco,3139
2019-05-28,Chicago,10875
2019-05-28,NYC,59432
2019-05-28,San Francisco,7057
2019-05-29,Chicago,14717
2019-05-29,NYC,55089
2019-05-29,San Francisco,7658
2019-05-30,Chicago,16271
2019-05-30,NYC,52481
2019-05-30,San Francisco,7124
2019-05-31,Chicago,19166
2019-05-31,NYC,83347
2019-05-31,San Francisco,6937
2019-06-01,Chicago,11292
2019-06-01,NYC,76419
2019-06-01,San Francisco,3851
2019-06-02,Chicago,16173
2019-06-02,NYC,67298
2019-06-02,San Francisco,3532
2019-06-03,Chicago,15350
2019-06-03,NYC,77694
2019-06-03,San Francisco,7391
2019-06-04,Chicago,15878
2019-06-04,NYC,83299
2019-06-04,San Francisco,8020
2019-06-05,Chicago,16804
2019-06-05,NYC,78805
2019-06-05,San Francisco,7997
2019-06-06,Chicago,16804
2019-06-06,NYC,81356
2019-06-06,San Francisco,7693
2019-06-07,Chicago,18401
2019-06-07,NYC,82950
2019-06-07,San Francisco,7262
2019-06-08,Chicago,18766
2019-06-08,NYC,78096
2019-06-08,San Francisco,4696
2019-06-09,Chicago,9638
2019-06-09,NYC,73972
2019-06-09,San Francisco,4157
2019-06-10,Chicago,17641
2019-06-10,NYC,37024
2019-06-10,San Francisco,7240
2019-06-11,Chicago,19054
2019-06-11,NYC,78052
2019-06-11,San Francisco,8072
2019-06-12,Chicago,11725
2019-06-12,NYC,85042
2019-06-12,San Francisco,7732
2019-06-13,Chicago,14815
2019-06-13,NYC,49195
2019-06-13,San Francisco,7424
2019-06-14,Chicago,18933
2019-06-14,NYC,80613
2019-06-14,San Francisco,6671
2019-06-15,Chicago,7676
2019-06-15,NYC,73899
2019-06-15,San Francisco,3623
2019-06-16,Chicago,9510
2019-06-16,NYC,55523
2019-06-16,San Francisco,3331
2019-06-17,Chicago,15283
2019-06-17,NYC,72530
2019-06-17,San Francisco,7274
2019-06-18,Chicago,17358
2019-06-18,NYC,36402
2019-06-18,San Francisco,7919
2019-06-19,Chicago,13894
2019-06-19,NYC,63674
2019-06-19,San Francisco,7816
2019-06-20,Chicago,13453
2019-06-20,NYC,59926
2019-06-20,San Francisco,7947
2019-06-21,Chicago,17939
2019-06-21,NYC,65686
2019-06-21,San Francisco,7439
2019-06-22,Chicago,19941
2019-06-22,NYC,76612
2019-06-22,San Francisco,4479
2019-06-23,Chicago,11105
2019-06-23,NYC,75546
2019-06-23,San Francisco,4102
2019-06-24,Chicago,15249
2019-06-24,NYC,80028
2019-06-24,San Francisco,7453
2019-06-25,Chicago,20484
2019-06-25,NYC,65885
2019-06-25,San Francisco,8048
2019-06-26,Chicago,19872
2019-06-26,NYC,83301
2019-06-26,San Francisco,7927
2019-06-27,Chicago,19142
2019-06-27,NYC,81577
2019-06-27,San Francisco,7548
2019-06-28,Chicago,17915
2019-06-28,NYC,78682
2019-06-28,San Francisco,7012
2019-06-29,Chicago,21418
2019-06-29,NYC,62714
2019-06-29,San Francisco,4229
2019-06-30,Chicago,13882
2019-06-30,NYC,63570
2019-06-30,San Francisco,3873
2019-07-01,Chicago,19281
2019-07-01,NYC,78238
2019-07-01,San Francisco,7132
2019-07-02,Chicago,15708
2019-07-02,NYC,78158
2019-07-02,San Francisco,7503
2019-07-03,Chicago,18138
2019-07-03,NYC,74223
2019-07-03,San Francisco,6574
2019-07-04,Chicago,17174
2019-07-04,NYC,52712
2019-07-04,San Francisco,3310
2019-07-05,Chicago,16562
2019-07-05,NYC,58723
2019-07-05,San Francisco,4364
2019-07-06,Chicago,18487
2019-07-06,NYC,50897
2019-07-06,San Francisco,3517
2019-07-07,Chicago,13055
2019-07-07,NYC,61485
2019-07-07,San Francisco,3373
2019-07-08,Chicago,14373
2019-07-08,NYC,68030
2019-07-08,San Francisco,7331
2019-07-09,Chicago,19666
2019-07-09,NYC,83708
2019-07-09,San Francisco,7952
2019-07-10,Chicago,18099
2019-07-10,NYC,84219
2019-07-10,San Francisco,8196
2019-07-11,Chicago,18724
2019-07-11,NYC,54495
2019-07-11,San Francisco,8042
2019-07-12,Chicago,20870
2019-07-12,NYC,81075
2019-07-12,San Francisco,7722
2019-07-13,Chicago,20574
2019-07-13,NYC,76860
2019-07-13,San Francisco,4775
2019-07-14,Chicago,19625
2019-07-14,NYC,67911
2019-07-14,San Francisco,4272
2019-07-15,Chicago,18368
2019-07-15,NYC,81053
2019-07-15,San Francisco,8306
2019-07-16,Chicago,16133
2019-07-16,NYC,84569
2019-07-16,San Francisco,8873
2019-07-17,Chicago,17965
2019-07-17,NYC,69169
2019-07-17,San Francisco,8889
2019-07-18,Chicago,12895
2019-07-18,NYC,61067
2019-07-18,San Francisco,8774
2019-07-19,Chicago,16420
2019-07-19,NYC,75054
2019-07-19,San Francisco,9725
2019-07-20,Chicago,15600
2019-07-20,NYC,50576
2019-07-20,San Francisco,6868
2019-07-21,Chicago,12589
2019-07-21,NYC,48198
2019-07-21,San Francisco,6729
2019-07-22,Chicago,19826
2019-07-22,NYC,52376
2019-07-22,San Francisco,11406
2019-07-23,Chicago,20444
2019-07-23,NYC,66278
2019-07-23,San Francisco,13300
2019-07-24,Chicago,20743
2019-07-24,NYC,87644
2019-07-24,San Francisco,13391
2019-07-25,Chicago,20664
2019-07-25,NYC,86449
2019-07-25,San Francisco,13095
2019-07-26,Chicago,20208
2019-07-26,NYC,82881
2019-07-26,San Francisco,12911
2019-07-27,Chicago,20717
2019-07-27,NYC,72256
2019-07-27,San Francisco,9390
2019-07-28,Chicago,17742
2019-07-28,NYC,67672
2019-07-28,San Francisco,8710
2019-07-29,Chicago,15073
2019-07-29,NYC,78766
2019-07-29,San Francisco,11694
2019-07-30,Chicago,20724
2019-07-30,NYC,80742
2019-07-30,San Francisco,11982
2019-07-31,Chicago,20868
2019-07-31,NYC,65580
2019-07-31,San Francisco,9994
2019-08-01,Chicago,20957
2019-08-01,NYC,87706
2019-08-01,San Francisco,7399
2019-08-02,Chicago,21777
2019-08-02,NYC,82260
2019-08-02,San Francisco,6930
2019-08-03,Chicago,23002
2019-08-03,NYC,77285
2019-08-03,San Francisco,4221
2019-08-04,Chicago,19955
2019-08-04,NYC,66868
2019-08-04,San Francisco,3885
2019-08-05,Chicago,19865
2019-08-05,NYC,82393
2019-08-05,San Francisco,7572
2019-08-06,Chicago,20224
2019-08-06,NYC,82515
2019-08-06,San Francisco,7792
2019-08-07,Chicago,21182
2019-08-07,NYC,52193
2019-08-07,San Francisco,7676
2019-08-08,Chicago,21506
2019-08-08,NYC,79609
2019-08-08,San Francisco,7609
2019-08-09,Chicago,21320
2019-08-09,NYC,80280
2019-08-09,San Francisco,7270
2019-08-10,Chicago,22295
2019-08-10,NYC,82793
2019-08-10,San Francisco,4290
2019-08-11,Chicago,17500
2019-08-11,NYC,73365
2019-08-11,San Francisco,4314
2019-08-12,Chicago,13007
2019-08-12,NYC,81371
2019-08-12,San Francisco,7724
2019-08-13,Chicago,19085
2019-08-13,NYC,75004
2019-08-13,San Francisco,7997
2019-08-14,Chicago,18295
2019-08-14,NYC,75603
2019-08-14,San Francisco,8392
2019-08-15,Chicago,20723
2019-08-15,NYC,84883
2019-08-15,San Francisco,8014
2019-08-16,Chicago,19799
2019-08-16,NYC,81541
2019-08-16,San Francisco,7558
2019-08-17,Chicago,14822
2019-08-17,NYC,78121
2019-08-17,San Francisco,4635
2019-08-18,Chicago,14136
2019-08-18,NYC,56347
2019-08-18,San Francisco,4034
2019-08-19,Chicago,19618
2019-08-19,NYC,73963
2019-08-19,San Francisco,7785
2019-08-20,Chicago,15744
2019-08-20,NYC,82301
2019-08-20,San Francisco,8333
2019-08-21,Chicago,19374
2019-08-21,NYC,73026
2019-08-21,San Francisco,8470
2019-08-22,Chicago,20889
2019-08-22,NYC,73740
2019-08-22,San Francisco,8330
2019-08-23,Chicago,20779
2019-08-23,NYC,63765
2019-08-23,San Francisco,7706
2019-08-24,Chicago,21589
2019-08-24,NYC,74220
2019-08-24,San Francisco,4356
2019-08-25,Chicago,17678
2019-08-25,NYC,71900
2019-08-25,San Francisco,4312
2019-08-26,Chicago,10277
2019-08-26,NYC,79027
2019-08-26,San Francisco,8272
2019-08-27,Chicago,19595
2019-08-27,NYC,82744
2019-08-27,San Francisco,8407
2019-08-28,Chicago,19677
2019-08-28,NYC,65082
2019-08-28,San Francisco,8341
2019-08-29,Chicago,19328
2019-08-29,NYC,83267
2019-08-29,San Francisco,8136
2019-08-30,Chicago,18825
2019-08-30,NYC,76815
2019-08-30,San Francisco,6956
2019-08-31,Chicago,17361
2019-08-31,NYC,64237
2019-08-31,San Francisco,3863
2019-09-01,Chicago,16751
2019-09-01,NYC,62667
2019-09-01,San Francisco,3518
2019-09-02,Chicago,18934
2019-09-02,NYC,37792
2019-09-02,San Francisco,3530
2019-09-03,Chicago,13481
2019-09-03,NYC,83716
2019-09-03,San Francisco,8277
2019-09-04,Chicago,18383
2019-09-04,NYC,84833
2019-09-04,San Francisco,8832
2019-09-05,Chicago,20129
2019-09-05,NYC,89656
2019-09-05,San Francisco,8516
2019-09-06,Chicago,17138
2019-09-06,NYC,55227
2019-09-06,San Francisco,8233
2019-09-07,Chicago,18704
2019-09-07,NYC,78220
2019-09-07,San Francisco,4396
2019-09-08,Chicago,10430
2019-09-08,NYC,72515
2019-09-08,San Francisco,4153
2019-09-09,Chicago,17027
2019-09-09,NYC,84809
2019-09-09,San Francisco,8622
2019-09-10,Chicago,18278
2019-09-10,NYC,87584
2019-09-10,San Francisco,8843
2019-09-11,Chicago,18079
2019-09-11,NYC,90448
2019-09-11,San Francisco,9093
2019-09-12,Chicago,17715
2019-09-12,NYC,70159
2019-09-12,San Francisco,9219
2019-09-13,Chicago,16447
2019-09-13,NYC,87636
2019-09-13,San Francisco,8357
2019-09-14,Chicago,20696
2019-09-14,NYC,75457
2019-09-14,San Francisco,4866
2019-09-15,Chicago,13371
2019-09-15,NYC,78968
2019-09-15,San Francisco,4436
2019-09-16,Chicago,17615
2019-09-16,NYC,82106
2019-09-16,San Francisco,7808
2019-09-17,Chicago,18969
2019-09-17,NYC,93117
2019-09-17,San Francisco,8881
2019-09-18,Chicago,19463
2019-09-18,NYC,90306
2019-09-18,San Francisco,8186
2019-09-19,Chicago,19532
2019-09-19,NYC,89655
2019-09-19,San Francisco,9309
2019-09-20,Chicago,19849
2019-09-20,NYC,90534
2019-09-20,San Francisco,8861
2019-09-21,Chicago,14369
2019-09-21,NYC,98755
2019-09-21,San Francisco,5206
2019-09-22,Chicago,6901
2019-09-22,NYC,76422
2019-09-22,San Francisco,4810
2019-09-23,Chicago,18694
2019-09-23,NYC,85489
2019-09-23,San Francisco,8982
2019-09-24,Chicago,19718
2019-09-24,NYC,93044
2019-09-24,San Francisco,9202
2019-09-25,Chicago,18299
2019-09-25,NYC,94015
2019-09-25,San Francisco,9387
2019-09-26,Chicago,19256
2019-09-26,NYC,84593
2019-09-26,San Francisco,9373
2019-09-27,Chicago,9091
2019-09-27,NYC,93268
2019-09-27,San Francisco,7768
2019-09-28,Chicago,9362
2019-09-28,NYC,81603
2019-09-28,San Francisco,4719
2019-09-29,Chicago,8282
2019-09-29,NYC,75753
2019-09-29,San Francisco,4317
2019-09-30,Chicago,18256
2019-09-30,NYC,76553
2019-09-30,San Francisco,8286
2019-10-01,Chicago,18425
2019-10-01,NYC,87033
2019-10-01,San Francisco,9132
2019-10-02,Chicago,9882
2019-10-02,NYC,79821
2019-10-02,San Francisco,8951
2019-10-03,Chicago,15647
2019-10-03,NYC,39067
2019-10-03,San Francisco,9061
2019-10-04,Chicago,14570
2019-10-04,NYC,83360
2019-10-04,San Francisco,8485
2019-10-05,Chicago,10452
2019-10-05,NYC,69131
2019-10-05,San Francisco,5030
2019-10-06,Chicago,13396
2019-10-06,NYC,60532
2019-10-06,San Francisco,4767
2019-10-07,Chicago,17256
2019-10-07,NYC,77323
2019-10-07,San Francisco,9058
2019-10-08,Chicago,17537
2019-10-08,NYC,80569
2019-10-08,San Francisco,9141
2019-10-09,Chicago,17226
2019-10-09,NYC,50407
2019-10-09,San Francisco,8670
2019-10-10,Chicago,15795
2019-10-10,NYC,84856
2019-10-10,San Francisco,9082
2019-10-11,Chicago,8016
2019-10-11,NYC,79369
2019-10-11,San Francisco,8770
2019-10-12,Chicago,8702
2019-10-12,NYC,70751
2019-10-12,San Francisco,5584
2019-10-13,Chicago,10533
2019-10-13,NYC,67616
2019-10-13,San Francisco,4701
2019-10-14,Chicago,13785
2019-10-14,NYC,77630
2019-10-14,San Francisco,7983
2019-10-15,Chicago,13297
2019-10-15,NYC,83345
2019-10-15,San Francisco,8830
2019-10-16,Chicago,12886
2019-10-16,NYC,44056
2019-10-16,San Francisco,8582
2019-10-17,Chicago,13635
2019-10-17,NYC,67322
2019-10-17,San Francisco,8808
2019-10-18,Chicago,14096
2019-10-18,NYC,73589
2019-10-18,San Francisco,8142
2019-10-19,Chicago,13953
2019-10-19,NYC,66879
2019-10-19,San Francisco,4439
2019-10-20,Chicago,10419
2019-10-20,NYC,28551
2019-10-20,San Francisco,4294
2019-10-21,Chicago,11757
2019-10-21,NYC,78441
2019-10-21,San Francisco,8966
2019-10-22,Chicago,11011
2019-10-22,NYC,54806
2019-10-22,San Francisco,9555
2019-10-23,Chicago,13011
2019-10-23,NYC,80480
2019-10-23,San Francisco,9333
2019-10-24,Chicago,12390
2019-10-24,NYC,83431
2019-10-24,San Francisco,9681
2019-10-25,Chicago,11910
2019-10-25,NYC,81152
2019-10-25,San Francisco,8829
2019-10-26,Chicago,3326
2019-10-26,NYC,68073
2019-10-26,San Francisco,4743
2019-10-27,Chicago,9422
2019-10-27,NYC,26758
2019-10-27,San Francisco,3794
2019-10-28,Chicago,11780
2019-10-28,NYC,76742
2019-10-28,San Francisco,8052
2019-10-29,Chicago,9876
2019-10-29,NYC,53188
2019-10-29,San Francisco,8694
2019-10-30,Chicago,4335
2019-10-30,NYC,68639
2019-10-30,San Francisco,8698
2019-10-31,Chicago,3460
2019-10-31,NYC,49656
2019-10-31,San Francisco,8040
2019-11-01,Chicago,7312
2019-11-01,NYC,70641
2019-11-01,San Francisco,8193
2019-11-02,Chicago,5271
2019-11-02,NYC,58579
2019-11-02,San Francisco,5009
2019-11-03,Chicago,6096
2019-11-03,NYC,52253
2019-11-03,San Francisco,4247
2019-11-04,Chicago,11067
2019-11-04,NYC,70117
2019-11-04,San Francisco,8403
2019-11-05,Chicago,10013
2019-11-05,NYC,73768
2019-11-05,San Francisco,8849
2019-11-06,Chicago,9571
2019-11-06,NYC,72714
2019-11-06,San Francisco,8303
2019-11-07,Chicago,7506
2019-11-07,NYC,56782
2019-11-07,San Francisco,8320
2019-11-08,Chicago,6772
2019-11-08,NYC,50295
2019-11-08,San Francisco,7729
2019-11-09,Chicago,5396
2019-11-09,NYC,37993
2019-11-09,San Francisco,4217
2019-11-10,Chicago,4648
2019-11-10,NYC,42121
2019-11-10,San Francisco,3809
2019-11-11,Chicago,2174
2019-11-11,NYC,64883
2019-11-11,San Francisco,7266
2019-11-12,Chicago,3471
2019-11-12,NYC,39188
2019-11-12,San Francisco,8762
2019-11-13,Chicago,4139
2019-11-13,NYC,43945
2019-11-13,San Francisco,8420
2019-11-14,Chicago,5539
2019-11-14,NYC,54642
2019-11-14,San Francisco,8195
2019-11-15,Chicago,6137
2019-11-15,NYC,59521
2019-11-15,San Francisco,8143
2019-11-16,Chicago,4260
2019-11-16,NYC,36896
2019-11-16,San Francisco,4661
2019-11-17,Chicago,3507
2019-11-17,NYC,32100
2019-11-17,San Francisco,4260
2019-11-18,Chicago,7795
2019-11-18,NYC,35621
2019-11-18,San Francisco,8636
2019-11-19,Chicago,7456
2019-11-19,NYC,57419
2019-11-19,San Francisco,8386
2019-11-20,Chicago,9205
2019-11-20,NYC,57625
2019-11-20,San Francisco,8517
2019-11-21,Chicago,6717
2019-11-21,NYC,62696
2019-11-21,San Francisco,8206
2019-11-22,Chicago,7612
2019-11-22,NYC,51063
2019-11-22,San Francisco,7818
2019-11-23,Chicago,4434
2019-11-23,NYC,40088
2019-11-23,San Francisco,4064
2019-11-24,Chicago,5041
2019-11-24,NYC,18146
2019-11-24,San Francisco,3574
2019-11-25,Chicago,9074
2019-11-25,NYC,58709
2019-11-25,San Francisco,7006
2019-11-26,Chicago,6437
2019-11-26,NYC,63638
2019-11-26,San Francisco,4412
2019-11-27,Chicago,4340
2019-11-27,NYC,51356
2019-11-27,San Francisco,3678
2019-11-28,Chicago,1575
2019-11-28,NYC,16173
2019-11-28,San Francisco,1395
2019-11-29,Chicago,3073
2019-11-29,NYC,23219
2019-11-29,San Francisco,1918
2019-11-30,Chicago,1538
2019-11-30,NYC,26517
2019-11-30,San Francisco,1095
2019-12-01,Chicago,1887
2019-12-01,NYC,10759
2019-12-01,San Francisco,1170
2019-12-02,Chicago,6964
2019-12-02,NYC,18018
2019-12-02,San Francisco,5212
2019-12-03,Chicago,7684
2019-12-03,NYC,39230
2019-12-03,San Francisco,6920
2019-12-04,Chicago,8200
2019-12-04,NYC,47384
2019-12-04,San Francisco,6157
2019-12-05,Chicago,8788
2019-12-05,NYC,49027
2019-12-05,San Francisco,7830
2019-12-06,Chicago,7221
2019-12-06,NYC,51607
2019-12-06,San Francisco,6491
2019-12-07,Chicago,4162
2019-12-07,NYC,34510
2019-12-07,San Francisco,2468
2019-12-08,Chicago,3975
2019-12-08,NYC,32308
2019-12-08,San Francisco,3676
2019-12-09,Chicago,6948
2019-12-09,NYC,15221
2019-12-09,San Francisco,7703
2019-12-10,Chicago,5388
2019-12-10,NYC,42435
2019-12-10,San Francisco,7247
2019-12-11,Chicago,4862
2019-12-11,NYC,38180
2019-12-11,San Francisco,6063
2019-12-12,Chicago,6628
2019-12-12,NYC,45360
2019-12-12,San Francisco,6946
2019-12-13,Chicago,7485
2019-12-13,NYC,32961
2019-12-13,San Francisco,6993
2019-12-14,Chicago,3511
2019-12-14,NYC,30263
2019-12-14,San Francisco,3830
2019-12-15,Chicago,2645
2019-12-15,NYC,33886
2019-12-15,San Francisco,3755
2019-12-16,Chicago,5765
2019-12-16,NYC,41717
2019-12-16,San Francisco,7425
2019-12-17,Chicago,5973
2019-12-17,NYC,19303
2019-12-17,San Francisco,7250
2019-12-18,Chicago,4762
2019-12-18,NYC,37898
2019-12-18,San Francisco,4941
2019-12-19,Chicago,5691
2019-12-19,NYC,29451
2019-12-19,San Francisco,7039
2019-12-20,Chicago,5778
2019-12-20,NYC,34209
2019-12-20,San Francisco,6692
2019-12-21,Chicago,3851
2019-12-21,NYC,24247
2019-12-21,San Francisco,3543
2019-12-22,Chicago,3953
2019-12-22,NYC,23726
2019-12-22,San Francisco,2307
2019-12-23,Chicago,5540
2019-12-23,NYC,37364
2019-12-23,San Francisco,4270
2019-12-24,Chicago,3062
2019-12-24,NYC,25894
2019-12-24,San Francisco,2617
2019-12-25,Chicago,2420
2019-12-25,NYC,13082
2019-12-25,San Francisco,1396
2019-12-26,Chicago,5801
2019-12-26,NYC,25226
2019-12-26,San Francisco,3199
2019-12-27,Chicago,3981
2019-12-27,NYC,31808
2019-12-27,San Francisco,3654
2019-12-28,Chicago,2768
2019-12-28,NYC,28520
2019-12-28,San Francisco,3091
2019-12-29,Chicago,3902
2019-12-29,NYC,17968
2019-12-29,San Francisco,1432
2019-12-30,Chicago,3308
2019-12-30,NYC,12138
2019-12-30,San Francisco,4452
2019-12-31,Chicago,2189
2019-12-31,NYC,31510
2019-12-31,San Francisco,4338
2020-01-01,Chicago,2141
2020-01-01,NYC,18114
2020-01-01,San Francisco,3140
2020-01-02,Chicago,6479
2020-01-02,NYC,41556
2020-01-02,San Francisco,6184
2020-01-03,Chicago,5890
2020-01-03,NYC,31873
2020-01-03,San Francisco,6462
2020-01-04,Chicago,3187
2020-01-04,NYC,29436
2020-01-04,San Francisco,4399
2020-01-05,Chicago,3035
2020-01-05,NYC,27589
2020-01-05,San Francisco,4257
2020-01-06,Chicago,7073
2020-01-06,NYC,42738
2020-01-06,San Francisco,8482
2020-01-07,Chicago,7297
2020-01-07,NYC,46535
2020-01-07,San Francisco,8871
2020-01-08,Chicago,5449
2020-01-08,NYC,42400
2020-01-08,San Francisco,9247
2020-01-09,Chicago,6804
2020-01-09,NYC,39344
2020-01-09,San Francisco,9194
2020-01-10,Chicago,5697
2020-01-10,NYC,50800
2020-01-10,San Francisco,9140
2020-01-11,Chicago,965
2020-01-11,NYC,56538
2020-01-11,San Francisco,5583
2020-01-12,Chicago,1766
2020-01-12,NYC,53121
2020-01-12,San Francisco,5199
2020-01-13,Chicago,6155
2020-01-13,NYC,49438
2020-01-13,San Francisco,9217
2020-01-14,Chicago,7067
2020-01-14,NYC,44144
2020-01-14,San Francisco,10390
2020-01-15,Chicago,6933
2020-01-15,NYC,54251
2020-01-15,San Francisco,10824
2020-01-16,Chicago,5495
2020-01-16,NYC,45247
2020-01-16,San Francisco,6083
2020-01-17,Chicago,3858
2020-01-17,NYC,34122
2020-01-17,San Francisco,10634
2020-01-18,Chicago,1076
2020-01-18,NYC,13301
2020-01-18,San Francisco,7791
2020-01-19,Chicago,895
2020-01-19,NYC,25935
2020-01-19,San Francisco,6720
2020-01-20,Chicago,2932
2020-01-20,NYC,24230
2020-01-20,San Francisco,7913
2020-01-21,Chicago,5187
2020-01-21,NYC,37399
2020-01-21,San Francisco,9299
2020-01-22,Chicago,5514
2020-01-22,NYC,43415
2020-01-22,San Francisco,13729
2020-01-23,Chicago,3613
2020-01-23,NYC,48258
2020-01-23,San Francisco,13813
2020-01-24,Chicago,3657
2020-01-24,NYC,51334
2020-01-24,San Francisco,14239
2020-01-25,Chicago,1728
2020-01-25,NYC,17734
2020-01-25,San Francisco,10723
2020-01-26,Chicago,2542
2020-01-26,NYC,36121
2020-01-26,San Francisco,9246
2020-01-27,Chicago,6314
2020-01-27,NYC,46534
2020-01-27,San Francisco,14078
2020-01-28,Chicago,6676
2020-01-28,NYC,48816
2020-01-28,San Francisco,13407
2020-01-29,Chicago,6455
2020-01-29,NYC,47386
2020-01-29,San Francisco,15797
2020-01-30,Chicago,6576
2020-01-30,NYC,45603
2020-01-30,San Francisco,16010
2020-01-31,Chicago,5428
2020-01-31,NYC,47284
2020-01-31,San Francisco,15783
2020-02-01,Chicago,3204
2020-02-01,NYC,35542
2020-02-01,San Francisco,12263
2020-02-02,Chicago,5417
2020-02-02,NYC,28593
2020-02-02,San Francisco,10003
2020-02-03,Chicago,7278
2020-02-03,NYC,53522
2020-02-03,San Francisco,14830
2020-02-04,Chicago,6162
2020-02-04,NYC,52478
2020-02-04,San Francisco,15383
2020-02-05,Chicago,5371
2020-02-05,NYC,50544
2020-02-05,San Francisco,16154
2020-02-06,Chicago,3247
2020-02-06,NYC,32156
2020-02-06,San Francisco,16753
2020-02-07,Chicago,5247
2020-02-07,NYC,32643
2020-02-07,San Francisco,16512
2020-02-08,Chicago,3239
2020-02-08,NYC,32783
2020-02-08,San Francisco,13007
2020-02-09,Chicago,1817
2020-02-09,NYC,32635
2020-02-09,San Francisco,9937
2020-02-10,Chicago,6328
2020-02-10,NYC,26732
2020-02-10,San Francisco,16168
2020-02-11,Chicago,6472
2020-02-11,NYC,37789
2020-02-11,San Francisco,17425
2020-02-12,Chicago,4913
2020-02-12,NYC,49336
2020-02-12,San Francisco,17381
2020-02-13,Chicago,3035
2020-02-13,NYC,37413
2020-02-13,San Francisco,16453
2020-02-14,Chicago,2993
2020-02-14,NYC,36921
2020-02-14,San Francisco,15535
2020-02-15,Chicago,1842
2020-02-15,NYC,21598
2020-02-15,San Francisco,11693
2020-02-16,Chicago,2930
2020-02-16,NYC,27276
2020-02-16,San Francisco,11197
2020-02-17,Chicago,3605
2020-02-17,NYC,40946
2020-02-17,San Francisco,12200
2020-02-18,Chicago,6618
2020-02-18,NYC,44104
2020-02-18,San Francisco,15972
2020-02-19,Chicago,5730
2020-02-19,NYC,49313
2020-02-19,San Francisco,16615
2020-02-20,Chicago,4903
2020-02-20,NYC,42686
2020-02-20,San Francisco,17062
2020-02-21,Chicago,5509
2020-02-21,NYC,38686
2020-02-21,San Francisco,16897
2020-02-22,Chicago,5455
2020-02-22,NYC,39443
2020-02-22,San Francisco,11212
2020-02-23,Chicago,7765
2020-02-23,NYC,46544
2020-02-23,San Francisco,11068
2020-02-24,Chicago,6723
2020-02-24,NYC,56349
2020-02-24,San Francisco,15586
2020-02-25,Chicago,4986
2020-02-25,NYC,39568
2020-02-25,San Francisco,16774
2020-02-26,Chicago,4107
2020-02-26,NYC,45207
2020-02-26,San Francisco,16708
2020-02-27,Chicago,5704
2020-02-27,NYC,43411
2020-02-27,San Francisco,17337
2020-02-28,Chicago,5348
2020-02-28,NYC,43360
2020-02-28,San Francisco,16341
2020-02-29,Chicago,3637
2020-02-29,NYC,29252
2020-02-29,San Francisco,10323
2020-03-01,Chicago,7413
2020-03-01,NYC,31878
2020-03-01,San Francisco,17188
2020-03-02,Chicago,8335
2020-03-02,NYC,56946
2020-03-02,San Francisco,13948
2020-03-03,Chicago,8218
2020-03-03,NYC,49723
2020-03-03,San Francisco,13936
2020-03-04,Chicago,8396
2020-03-04,NYC,58670
2020-03-04,San Francisco,13755
2020-03-05,Chicago,8269
2020-03-05,NYC,58686
2020-03-05,San Francisco,12590
2020-03-06,Chicago,6138
2020-03-06,NYC,34135
2020-03-06,San Francisco,10739
2020-03-07,Chicago,6703
2020-03-07,NYC,39448
2020-03-07,San Francisco,5842
2020-03-08,Chicago,11170
2020-03-08,NYC,46994
2020-03-08,San Francisco,6208
2020-03-09,Chicago,4505
2020-03-09,NYC,68768
2020-03-09,San Francisco,10274
2020-03-10,Chicago,7827
2020-03-10,NYC,64277
2020-03-10,San Francisco,10224
2020-03-11,Chicago,7631
2020-03-11,NYC,61816
2020-03-11,San Francisco,9682
2020-03-12,Chicago,8349
2020-03-12,NYC,51332
2020-03-12,San Francisco,8035
2020-03-13,Chicago,7077
2020-03-13,NYC,43343
2020-03-13,San Francisco,6644
2020-03-14,Chicago,2979
2020-03-14,NYC,44239
2020-03-14,San Francisco,2302
2020-03-15,Chicago,3318
2020-03-15,NYC,36140
2020-03-15,San Francisco,3008
2020-03-16,Chicago,3626
2020-03-16,NYC,29481
2020-03-16,San Francisco,3902
2020-03-17,Chicago,4398
2020-03-17,NYC,24331
2020-03-17,San Francisco,2269
2020-03-18,Chicago,2110
2020-03-18,NYC,30496
2020-03-18,San Francisco,2029
2020-03-19,Chicago,2002
2020-03-19,NYC,20842
2020-03-19,San Francisco,2521
2020-03-20,Chicago,2331
2020-03-20,NYC,31327
2020-03-20,San Francisco,2700
2020-03-21,Chicago,2126
2020-03-21,NYC,31712
2020-03-21,San Francisco,3214
2020-03-22,Chicago,1321
2020-03-22,NYC,19891
2020-03-22,San Francisco,2830
2020-03-23,Chicago,1966
2020-03-23,NYC,3999
2020-03-23,San Francisco,1914
2020-03-24,Chicago,2431
2020-03-24,NYC,20863
2020-03-24,San Francisco,1512
2020-03-25,Chicago,5161
2020-03-25,NYC,12066
2020-03-25,San Francisco,2163
2020-03-26,Chicago,1664
2020-03-26,NYC,21996
2020-03-26,San Francisco,2216
2020-03-27,Chicago,1490
2020-03-27,NYC,26504
2020-03-27,San Francisco,2330
2020-03-28,Chicago,1443
2020-03-28,NYC,8871
2020-03-28,San Francisco,2019
2020-03-29,Chicago,1461
2020-03-29,NYC,9646
2020-03-29,San Francisco,2009
2020-03-30,Chicago,1938
2020-03-30,NYC,15041
2020-03-30,San Francisco,2249
2020-03-31,Chicago,1622
2020-03-31,NYC,14996
2020-03-31,San Francisco,2380
2020-04-01,Chicago,2294
2020-04-01,NYC,20363
2020-04-01,San Francisco,4241
2020-04-02,Chicago,2608
2020-04-02,NYC,19012
2020-04-02,San Francisco,2325
2020-04-03,Chicago,3532
2020-04-03,NYC,11309
2020-04-03,San Francisco,2698
2020-04-04,Chicago,2288
2020-04-04,NYC,28867
2020-04-04,San Francisco,1331
2020-04-05,Chicago,2887
2020-04-05,NYC,25755
2020-04-05,San Francisco,1507
2020-04-06,Chicago,2427
2020-04-06,NYC,24660
2020-04-06,San Francisco,1178
2020-04-07,Chicago,5185
2020-04-07,NYC,23646
2020-04-07,San Francisco,2453
2020-04-08,Chicago,2365
2020-04-08,NYC,20744
2020-04-08,San Francisco,2239
2020-04-09,Chicago,1972
2020-04-09,NYC,14192
2020-04-09,San Francisco,2377
2020-04-10,Chicago,2721
2020-04-10,NYC,16276
2020-04-10,San Francisco,2763
2020-04-11,Chicago,4458
2020-04-11,NYC,33142
2020-04-11,San Francisco,2778
2020-04-12,Chicago,3670
2020-04-12,NYC,31564
2020-04-12,San Francisco,2951
2020-04-13,Chicago,1820
2020-04-13,NYC,7797
2020-04-13,San Francisco,2393
2020-04-14,Chicago,1609
2020-04-14,NYC,25283
2020-04-14,San Francisco,3007
2020-04-15,Chicago,1419
2020-04-15,NYC,22188
2020-04-15,San Francisco,2849
2020-04-16,Chicago,2272
2020-04-16,NYC,19570
2020-04-16,San Francisco,2336
2020-04-17,Chicago,1435
2020-04-17,NYC,18893
2020-04-17,San Francisco,2629
2020-04-18,Chicago,5116
2020-04-18,NYC,15909
2020-04-18,San Francisco,4043
2020-04-19,Chicago,5158
2020-04-19,NYC,47049
2020-04-19,San Francisco,3719
2020-04-20,Chicago,3903
2020-04-20,NYC,21882
2020-04-20,San Francisco,2423
2020-04-21,Chicago,2627
2020-04-21,NYC,17050
2020-04-21,San Francisco,2658
2020-04-22,Chicago,1995
2020-04-22,NYC,23783
2020-04-22,San Francisco,2911
2020-04-23,Chicago,2284
2020-04-23,NYC,19125
2020-04-23,San Francisco,3086
2020-04-24,Chicago,2284
2020-04-24,NYC,12610
2020-04-24,San Francisco,3661
2020-04-25,Chicago,1048
2020-04-25,NYC,58898
2020-04-25,San Francisco,5393
2020-04-26,Chicago,6200
2020-04-26,NYC,9586
2020-04-26,San Francisco,4108
2020-04-27,Chicago,2595
2020-04-27,NYC,17795
2020-04-27,San Francisco,2811
2020-04-28,Chicago,3392
2020-04-28,NYC,39619
2020-04-28,San Francisco,3326
2020-04-29,Chicago,645
2020-04-29,NYC,21653
2020-04-29,San Francisco,2767
2020-04-30,Chicago,2567
2020-04-30,NYC,14542
2020-04-30,San Francisco,3190
2020-05-01,Chicago,4751
2020-05-01,NYC,24945
2020-05-01,San Francisco,3840
2020-05-02,Chicago,11811
2020-05-02,NYC,72808
2020-05-02,San Francisco,4880
2020-05-03,Chicago,9414
2020-05-03,NYC,63731
2020-05-03,San Francisco,5396
2020-05-04,Chicago,2634
2020-05-04,NYC,32356
2020-05-04,San Francisco,3209
2020-05-05,Chicago,1953
2020-05-05,NYC,35078
2020-05-05,San Francisco,3298
2020-05-06,Chicago,4775
2020-05-06,NYC,17274
2020-05-06,San Francisco,3512
2020-05-07,Chicago,4997
2020-05-07,NYC,43677
2020-05-07,San Francisco,3743
2020-05-08,Chicago,2793
2020-05-08,NYC,17326
2020-05-08,San Francisco,4404
2020-05-09,Chicago,7945
2020-05-09,NYC,27747
2020-05-09,San Francisco,4852
2020-05-10,Chicago,1394
2020-05-10,NYC,54504
2020-05-10,San Francisco,4289
2020-05-11,Chicago,2871
2020-05-11,NYC,22729
2020-05-11,San Francisco,2388
2020-05-12,Chicago,4745
2020-05-12,NYC,35998
2020-05-12,San Francisco,3078
2020-05-13,Chicago,5762
2020-05-13,NYC,40592
2020-05-13,San Francisco,2883
2020-05-14,Chicago,3036
2020-05-14,NYC,41586
2020-05-14,San Francisco,2752
2020-05-15,Chicago,7031
2020-05-15,NYC,52903
2020-05-15,San Francisco,4209
2020-05-16,Chicago,8975
2020-05-16,NYC,80292
2020-05-16,San Francisco,6323
2020-05-17,Chicago,691
2020-05-17,NYC,63553
2020-05-17,San Francisco,4870
2020-05-18,Chicago,3885
2020-05-18,NYC,39154
2020-05-18,San Francisco,3407
2020-05-19,Chicago,2852
2020-05-19,NYC,40934
2020-05-19,San Francisco,3824
2020-05-20,Chicago,6348
2020-05-20,NYC,45558
2020-05-20,San Francisco,3757
2020-05-21,Chicago,5602
2020-05-21,NYC,48560
2020-05-21,San Francisco,4106
2020-05-22,Chicago,7569
2020-05-22,NYC,47441
2020-05-22,San Francisco,5353
2020-05-23,Chicago,8784
2020-05-23,NYC,23012
2020-05-23,San Francisco,7059
2020-05-24,Chicago,14836
2020-05-24,NYC,72889
2020-05-24,San Francisco,7104
2020-05-25,Chicago,14268
2020-05-25,NYC,67876
2020-05-25,San Francisco,6980
2020-05-26,Chicago,7711
2020-05-26,NYC,53062
2020-05-26,San Francisco,4266
2020-05-27,Chicago,8121
2020-05-27,NYC,55071
2020-05-27,San Francisco,4372
2020-05-28,Chicago,6785
2020-05-28,NYC,46091
2020-05-28,San Francisco,3971
2020-05-29,Chicago,10580
2020-05-29,NYC,53356
2020-05-29,San Francisco,4703
2020-05-30,Chicago,17162
2020-05-30,NYC,87081
2020-05-30,San Francisco,5818
2020-05-31,Chicago,193
2020-05-31,NYC,80706
2020-05-31,San Francisco,5876
2020-06-01,NYC,52926
2020-06-01,San Francisco,4588
2020-06-02,NYC,46471
2020-06-02,San Francisco,4629
2020-06-03,Chicago,6296
2020-06-03,NYC,28766
2020-06-03,San Francisco,7163
2020-06-04,Chicago,7628
2020-06-04,NYC,39659
2020-06-04,San Francisco,4527
2020-06-05,Chicago,8922
2020-06-05,NYC,33064
2020-06-05,San Francisco,5135
2020-06-06,Chicago,15239
2020-06-06,NYC,56263
2020-06-06,San Francisco,7183
2020-06-07,Chicago,13224
2020-06-07,NYC,80441
2020-06-07,San Francisco,6036
2020-06-08,Chicago,10368
2020-06-08,NYC,60847
2020-06-08,San Francisco,4363
2020-06-09,Chicago,5608
2020-06-09,NYC,61666
2020-06-09,San Francisco,5005
2020-06-10,Chicago,7676
2020-06-10,NYC,63108
2020-06-10,San Francisco,4947
2020-06-11,Chicago,12275
2020-06-11,NYC,43845
2020-06-11,San Francisco,4725
2020-06-12,Chicago,11989
2020-06-12,NYC,72497
2020-06-12,San Francisco,5150
2020-06-13,Chicago,14278
2020-06-13,NYC,89690
2020-06-13,San Francisco,7246
2020-06-14,Chicago,14602
2020-06-14,NYC,79731
2020-06-14,San Francisco,5933
2020-06-15,Chicago,10164
2020-06-15,NYC,57555
2020-06-15,San Francisco,4320
2020-06-16,Chicago,12081
2020-06-16,NYC,65295
2020-06-16,San Francisco,4867
2020-06-17,Chicago,12827
2020-06-17,NYC,63989
2020-06-17,San Francisco,5324
2020-06-18,Chicago,13319
2020-06-18,NYC,62094
2020-06-18,San Francisco,5521
2020-06-19,Chicago,16307
2020-06-19,NYC,79280
2020-06-19,San Francisco,6329
2020-06-20,Chicago,14665
2020-06-20,NYC,80792
2020-06-20,San Francisco,6046
2020-06-21,Chicago,14824
2020-06-21,NYC,72206
2020-06-21,San Francisco,5264
2020-06-22,Chicago,7036
2020-06-22,NYC,59788
2020-06-22,San Francisco,4245
2020-06-23,Chicago,13692
2020-06-23,NYC,67299
2020-06-23,San Francisco,4482
2020-06-24,Chicago,12890
2020-06-24,NYC,66784
2020-06-24,San Francisco,4821
2020-06-25,Chicago,16001
2020-06-25,NYC,69578
2020-06-25,San Francisco,4657
2020-06-26,Chicago,6228
2020-06-26,NYC,73638
2020-06-26,San Francisco,5087
2020-06-27,Chicago,20499
2020-06-27,NYC,59221
2020-06-27,San Francisco,5667
2020-06-28,Chicago,20383
2020-06-28,NYC,69104
2020-06-28,San Francisco,5619
2020-06-29,Chicago,9395
2020-06-29,NYC,61574
2020-06-29,San Francisco,4611
2020-06-30,Chicago,14589
2020-06-30,NYC,65102
2020-06-30,San Francisco,4920
2020-07-01,Chicago,15827
2020-07-01,NYC,63406
2020-07-01,San Francisco,4698
2020-07-02,Chicago,16560
2020-07-02,NYC,73394
2020-07-02,San Francisco,5030
2020-07-03,Chicago,20296
2020-07-03,NYC,59329
2020-07-03,San Francisco,5174
2020-07-04,Chicago,19931
2020-07-04,NYC,70988
2020-07-04,San Francisco,5847
2020-07-05,Chicago,18538
2020-07-05,NYC,64523
2020-07-05,San Francisco,5099
2020-07-06,Chicago,14826
2020-07-06,NYC,45976
2020-07-06,San Francisco,4436
2020-07-07,Chicago,14450
2020-07-07,NYC,67810
2020-07-07,San Francisco,4750
2020-07-08,Chicago,15885
2020-07-08,NYC,63321
2020-07-08,San Francisco,4636
2020-07-09,Chicago,14801
2020-07-09,NYC,76374
2020-07-09,San Francisco,4993
2020-07-10,Chicago,16912
2020-07-10,NYC,22777
2020-07-10,San Francisco,5172
2020-07-11,Chicago,23072
2020-07-11,NYC,66573
2020-07-11,San Francisco,7090
2020-07-12,Chicago,22680
2020-07-12,NYC,84290
2020-07-12,San Francisco,6040
2020-07-13,Chicago,16633
2020-07-13,NYC,69017
2020-07-13,San Francisco,4009
2020-07-14,Chicago,17311
2020-07-14,NYC,76968
2020-07-14,San Francisco,4586
2020-07-15,Chicago,9357
2020-07-15,NYC,78340
2020-07-15,San Francisco,4715
2020-07-16,Chicago,17263
2020-07-16,NYC,79248
2020-07-16,San Francisco,4553
2020-07-17,Chicago,19923
2020-07-17,NYC,69834
2020-07-17,San Francisco,5325
2020-07-18,Chicago,22991
2020-07-18,NYC,80408
2020-07-18,San Francisco,6414
2020-07-19,Chicago,14582
2020-07-19,NYC,66789
2020-07-19,San Francisco,5348
2020-07-20,Chicago,16023
2020-07-20,NYC,58285
2020-07-20,San Francisco,4076
2020-07-21,Chicago,12546
2020-07-21,NYC,70557
2020-07-21,San Francisco,4326
2020-07-22,Chicago,17332
2020-07-22,NYC,51988
2020-07-22,San Francisco,4649
2020-07-23,Chicago,18586
2020-07-23,NYC,65592
2020-07-23,San Francisco,4630
2020-07-24,Chicago,20673
2020-07-24,NYC,66790
2020-07-24,San Francisco,4847
2020-07-25,Chicago,26410
2020-07-25,NYC,87636
2020-07-25,San Francisco,6601
2020-07-26,Chicago,19811
2020-07-26,NYC,72734
2020-07-26,San Francisco,5564
2020-07-27,Chicago,15074
2020-07-27,NYC,62474
2020-07-27,San Francisco,4180
2020-07-28,Chicago,18182
2020-07-28,NYC,70368
2020-07-28,San Francisco,4340
2020-07-29,Chicago,15483
2020-07-29,NYC,77064
2020-07-29,San Francisco,4526
2020-07-30,Chicago,17846
2020-07-30,NYC,72109
2020-07-30,San Francisco,4474
2020-07-31,Chicago,21676
2020-07-31,NYC,70846
2020-07-31,San Francisco,5120
2020-08-01,Chicago,23256
2020-08-01,NYC,89044
2020-08-01,San Francisco,6417
2020-08-02,Chicago,15367
2020-08-02,NYC,70067
2020-08-02,San Francisco,5421
2020-08-03,Chicago,13039
2020-08-03,NYC,67219
2020-08-03,San Francisco,4296
2020-08-04,Chicago,17746
2020-08-04,NYC,44588
2020-08-04,San Francisco,4251
2020-08-05,Chicago,17856
2020-08-05,NYC,81812
2020-08-05,San Francisco,4281
2020-08-06,Chicago,19837
2020-08-06,NYC,79130
2020-08-06,San Francisco,4765
2020-08-07,Chicago,22584
2020-08-07,NYC,59956
2020-08-07,San Francisco,5300
2020-08-08,Chicago,28709
2020-08-08,NYC,90237
2020-08-08,San Francisco,6150
2020-08-09,Chicago,23200
2020-08-09,NYC,82767
2020-08-09,San Francisco,5169
2020-08-10,Chicago,9747
2020-08-10,NYC,68992
2020-08-10,San Francisco,4054
2020-08-11,Chicago,17835
2020-08-11,NYC,75292
2020-08-11,San Francisco,4357
2020-08-12,Chicago,18418
2020-08-12,NYC,66069
2020-08-12,San Francisco,4707
2020-08-13,Chicago,18646
2020-08-13,NYC,62427
2020-08-13,San Francisco,5115
2020-08-14,Chicago,20396
2020-08-14,NYC,83758
2020-08-14,San Francisco,6081
2020-08-15,Chicago,23469
2020-08-15,NYC,92784
2020-08-15,San Francisco,6994
2020-08-16,Chicago,24522
2020-08-16,NYC,38651
2020-08-16,San Francisco,4860
2020-08-17,Chicago,17144
2020-08-17,NYC,70358
2020-08-17,San Francisco,4278
2020-08-18,Chicago,19278
2020-08-18,NYC,81799
2020-08-18,San Francisco,5026
2020-08-19,Chicago,19624
2020-08-19,NYC,71467
2020-08-19,San Francisco,4395
2020-08-20,Chicago,20037
2020-08-20,NYC,81247
2020-08-20,San Francisco,4495
2020-08-21,Chicago,22521
2020-08-21,NYC,84814
2020-08-21,San Francisco,5317
2020-08-22,Chicago,28882
2020-08-22,NYC,87086
2020-08-22,San Francisco,6402
2020-08-23,Chicago,20542
2020-08-23,NYC,81801
2020-08-23,San Francisco,4735
2020-08-24,Chicago,16372
2020-08-24,NYC,71136
2020-08-24,San Francisco,4089
2020-08-25,Chicago,17519
2020-08-25,NYC,72067
2020-08-25,San Francisco,4173
2020-08-26,Chicago,18439
2020-08-26,NYC,88080
2020-08-26,San Francisco,4230
2020-08-27,Chicago,17008
2020-08-27,NYC,69313
2020-08-27,San Francisco,4507
2020-08-28,Chicago,19899
2020-08-28,NYC,78167
2020-08-28,San Francisco,4680
2020-08-29,Chicago,28297
2020-08-29,NYC,71287
2020-08-29,San Francisco,5363
2020-08-30,Chicago,24790
2020-08-30,NYC,92434
2020-08-30,San Francisco,4885
2020-08-31,Chicago,17382
2020-08-31,NYC,75665
2020-08-31,San Francisco,3897
2020-09-01,Chicago,10708
2020-09-01,NYC,76674
2020-09-01,San Francisco,4127
2020-09-02,Chicago,19594
2020-09-02,NYC,69998
2020-09-02,San Francisco,4697
2020-09-03,Chicago,19030
2020-09-03,NYC,71317
2020-09-03,San Francisco,4450
2020-09-04,Chicago,22253
2020-09-04,NYC,85339
2020-09-04,San Francisco,5515
2020-09-05,Chicago,28719
2020-09-05,NYC,89572
2020-09-05,San Francisco,6588
2020-09-06,Chicago,17207
2020-09-06,NYC,83006
2020-09-06,San Francisco,5739
2020-09-07,Chicago,23731
2020-09-07,NYC,83897
2020-09-07,San Francisco,5055
2020-09-08,Chicago,6835
2020-09-08,NYC,79236
2020-09-08,San Francisco,4094
2020-09-09,Chicago,12545
2020-09-09,NYC,84416
2020-09-09,San Francisco,3378
2020-09-10,Chicago,10529
2020-09-10,NYC,52907
2020-09-10,San Francisco,3023
2020-09-11,Chicago,14832
2020-09-11,NYC,94644
2020-09-11,San Francisco,3279
2020-09-12,Chicago,11164
2020-09-12,NYC,101462
2020-09-12,San Francisco,3778
2020-09-13,Chicago,23970
2020-09-13,NYC,84682
2020-09-13,San Francisco,3338
2020-09-14,Chicago,15170
2020-09-14,NYC,79263
2020-09-14,San Francisco,3420
2020-09-15,Chicago,18228
2020-09-15,NYC,84118
2020-09-15,San Francisco,4377
2020-09-16,Chicago,19258
2020-09-16,NYC,86977
2020-09-16,San Francisco,4951
2020-09-17,Chicago,17094
2020-09-17,NYC,87490
2020-09-17,San Francisco,4837
2020-09-18,Chicago,16987
2020-09-18,NYC,89018
2020-09-18,San Francisco,5604
2020-09-19,Chicago,23356
2020-09-19,NYC,89985
2020-09-19,San Francisco,6917
2020-09-20,Chicago,21134
2020-09-20,NYC,77666
2020-09-20,San Francisco,5710
2020-09-21,Chicago,15791
2020-09-21,NYC,72111
2020-09-21,San Francisco,4330
2020-09-22,Chicago,17948
2020-09-22,NYC,82861
2020-09-22,San Francisco,4540
2020-09-23,Chicago,18531
2020-09-23,NYC,90600
2020-09-23,San Francisco,5036
2020-09-24,Chicago,19027
2020-09-24,NYC,86938
2020-09-24,San Francisco,4801
2020-09-25,Chicago,22771
2020-09-25,NYC,93712
2020-09-25,San Francisco,5625
2020-09-26,Chicago,26150
2020-09-26,NYC,99262
2020-09-26,San Francisco,7095
2020-09-27,Chicago,20874
2020-09-27,NYC,87411
2020-09-27,San Francisco,6228
2020-09-28,Chicago,11110
2020-09-28,NYC,78056
2020-09-28,San Francisco,4560
2020-09-29,Chicago,14294
2020-09-29,NYC,59816
2020-09-29,San Francisco,4484
2020-09-30,Chicago,14118
2020-09-30,NYC,85791
2020-09-30,San Francisco,4772
2020-10-01,Chicago,11243
2020-10-01,NYC,89718
2020-10-01,San Francisco,4460
2020-10-02,Chicago,14832
2020-10-02,NYC,81001
2020-10-02,San Francisco,4784
2020-10-03,Chicago,14634
2020-10-03,NYC,95562
2020-10-03,San Francisco,6634
2020-10-04,Chicago,12875
2020-10-04,NYC,80662
2020-10-04,San Francisco,5062
2020-10-05,Chicago,12533
2020-10-05,NYC,75795
2020-10-05,San Francisco,4284
2020-10-06,Chicago,16126
2020-10-06,NYC,85634
2020-10-06,San Francisco,4370
2020-10-07,Chicago,17471
2020-10-07,NYC,81263
2020-10-07,San Francisco,4545
2020-10-08,Chicago,16519
2020-10-08,NYC,83990
2020-10-08,San Francisco,4415
2020-10-09,Chicago,21322
2020-10-09,NYC,87644
2020-10-09,San Francisco,5572
2020-10-10,Chicago,24935
2020-10-10,NYC,93919
2020-10-10,San Francisco,5927
2020-10-11,Chicago,19713
2020-10-11,NYC,75426
2020-10-11,San Francisco,6342
2020-10-12,Chicago,9764
2020-10-12,NYC,16405
2020-10-12,San Francisco,4959
2020-10-13,Chicago,15626
2020-10-13,NYC,51885
2020-10-13,San Francisco,5073
2020-10-14,Chicago,15358
2020-10-14,NYC,88404
2020-10-14,San Francisco,5371
2020-10-15,Chicago,12565
2020-10-15,NYC,91295
2020-10-15,San Francisco,5496
2020-10-16,Chicago,11856
2020-10-16,NYC,30689
2020-10-16,San Francisco,6145
2020-10-17,Chicago,14521
2020-10-17,NYC,88338
2020-10-17,San Francisco,7631
2020-10-18,Chicago,5222
2020-10-18,NYC,76910
2020-10-18,San Francisco,6014
2020-10-19,Chicago,7468
2020-10-19,NYC,73336
2020-10-19,San Francisco,4451
2020-10-20,Chicago,9273
2020-10-20,NYC,76195
2020-10-20,San Francisco,4914
2020-10-21,Chicago,10302
2020-10-21,NYC,84145
2020-10-21,San Francisco,5098
2020-10-22,Chicago,13228
2020-10-22,NYC,83848
2020-10-22,San Francisco,4935
2020-10-23,Chicago,7042
2020-10-23,NYC,86939
2020-10-23,San Francisco,5838
2020-10-24,Chicago,12452
2020-10-24,NYC,90596
2020-10-24,San Francisco,6343
2020-10-25,Chicago,8627
2020-10-25,NYC,61869
2020-10-25,San Francisco,5752
2020-10-26,Chicago,6611
2020-10-26,NYC,51135
2020-10-26,San Francisco,4743
2020-10-27,Chicago,6178
2020-10-27,NYC,78030
2020-10-27,San Francisco,5091
2020-10-28,Chicago,9661
2020-10-28,NYC,62847
2020-10-28,San Francisco,5057
2020-10-29,Chicago,8139
2020-10-29,NYC,19072
2020-10-29,San Francisco,5329
2020-10-30,Chicago,9378
2020-10-30,NYC,39546
2020-10-30,San Francisco,5886
2020-10-31,Chicago,13179
2020-10-31,NYC,66771
2020-10-31,San Francisco,7020
2020-11-01,Chicago,5973
2020-11-01,NYC,32600
2020-11-01,San Francisco,6000
2020-11-02,Chicago,8116
2020-11-02,NYC,50610
2020-11-02,San Francisco,4674
2020-11-03,Chicago,11987
2020-11-03,NYC,62112
2020-11-03,San Francisco,5196
2020-11-04,Chicago,12030
2020-11-04,NYC,65204
2020-11-04,San Francisco,4583
2020-11-05,Chicago,12459
2020-11-05,NYC,74725
2020-11-05,San Francisco,4848
2020-11-06,Chicago,16044
2020-11-06,NYC,82142
2020-11-06,San Francisco,5295
2020-11-07,Chicago,23846
2020-11-07,NYC,98467
2020-11-07,San Francisco,7003
2020-11-08,Chicago,18439
2020-11-08,NYC,86147
2020-11-08,San Francisco,4132
2020-11-09,Chicago,14098
2020-11-09,NYC,75799
2020-11-09,San Francisco,3892
2020-11-10,Chicago,9094
2020-11-10,NYC,84365
2020-11-10,San Francisco,4314
2020-11-11,Chicago,8717
2020-11-11,NYC,46257
2020-11-11,San Francisco,4576
2020-11-12,Chicago,9084
2020-11-12,NYC,40704
2020-11-12,San Francisco,4563
2020-11-13,Chicago,8115
2020-11-13,NYC,48657
2020-11-13,San Francisco,3281
2020-11-14,Chicago,7144
2020-11-14,NYC,75263
2020-11-14,San Francisco,5704
2020-11-15,Chicago,3447
2020-11-15,NYC,51003
2020-11-15,San Francisco,5034
2020-11-16,Chicago,7136
2020-11-16,NYC,57607
2020-11-16,San Francisco,4299
2020-11-17,Chicago,6602
2020-11-17,NYC,54480
2020-11-17,San Francisco,2713
2020-11-18,Chicago,7330
2020-11-18,NYC,44054
2020-11-18,San Francisco,3994
2020-11-19,Chicago,9226
2020-11-19,NYC,51425
2020-11-19,San Francisco,4356
2020-11-20,Chicago,9900
2020-11-20,NYC,68483
2020-11-20,San Francisco,5044
2020-11-21,Chicago,7899
2020-11-21,NYC,75233
2020-11-21,San Francisco,5111
2020-11-22,Chicago,5018
2020-11-22,NYC,46012
2020-11-22,San Francisco,4086
2020-11-23,Chicago,6401
2020-11-23,NYC,42599
2020-11-23,San Francisco,3857
2020-11-24,Chicago,2775
2020-11-24,NYC,53102
2020-11-24,San Francisco,4036
2020-11-25,Chicago,3262
2020-11-25,NYC,56843
2020-11-25,San Francisco,4336
2020-11-26,Chicago,3583
2020-11-26,NYC,30687
2020-11-26,San Francisco,2646
2020-11-27,Chicago,5353
2020-11-27,NYC,53108
2020-11-27,San Francisco,3786
2020-11-28,Chicago,7245
2020-11-28,NYC,53202
2020-11-28,San Francisco,4205
2020-11-29,Chicago,5453
2020-11-29,NYC,52557
2020-11-29,San Francisco,3865
2020-11-30,Chicago,3940
2020-11-30,NYC,23257
2020-11-30,San Francisco,3591
2020-12-01,Chicago,4509
2020-12-01,NYC,53067
2020-12-01,San Francisco,3809
2020-12-02,Chicago,5455
2020-12-02,NYC,47330
2020-12-02,San Francisco,3846
2020-12-03,Chicago,5421
2020-12-03,NYC,53146
2020-12-03,San Francisco,4016
2020-12-04,Chicago,6126
2020-12-04,NYC,40441
2020-12-04,San Francisco,4490
2020-12-05,Chicago,6059
2020-12-05,NYC,31809
2020-12-05,San Francisco,5115
2020-12-06,Chicago,4278
2020-12-06,NYC,40743
2020-12-06,San Francisco,4013
2020-12-07,Chicago,4685
2020-12-07,NYC,41591
2020-12-07,San Francisco,3678
2020-12-08,Chicago,4716
2020-12-08,NYC,41083
2020-12-08,San Francisco,3779
2020-12-09,Chicago,6640
2020-12-09,NYC,37053
2020-12-09,San Francisco,3602
2020-12-10,Chicago,7666
2020-12-10,NYC,51890
2020-12-10,San Francisco,3564
2020-12-11,Chicago,3861
2020-12-11,NYC,59906
2020-12-11,San Francisco,3130
2020-12-12,Chicago,2467
2020-12-12,NYC,53499
2020-12-12,San Francisco,3879
2020-12-13,Chicago,4794
2020-12-13,NYC,61081
2020-12-13,San Francisco,1489
2020-12-14,Chicago,4420
2020-12-14,NYC,25786
2020-12-14,San Francisco,3248
2020-12-15,Chicago,4784
2020-12-15,NYC,44793
2020-12-15,San Francisco,3389
2020-12-16,Chicago,3794
2020-12-16,NYC,26329
2020-12-16,San Francisco,3343
2020-12-17,Chicago,4011
2020-12-17,NYC,179
2020-12-17,San Francisco,3350
2020-12-18,Chicago,5014
2020-12-18,NYC,14964
2020-12-18,San Francisco,3780
2020-12-19,Chicago,5131
2020-12-19,NYC,16738
2020-12-19,San Francisco,4114
2020-12-20,Chicago,4340
2020-12-20,NYC,16340
2020-12-20,San Francisco,3549
2020-12-21,Chicago,4681
2020-12-21,NYC,31415
2020-12-21,San Francisco,3259
2020-12-22,Chicago,4857
2020-12-22,NYC,37256
2020-12-22,San Francisco,3425
2020-12-23,Chicago,4547
2020-12-23,NYC,40454
2020-12-23,San Francisco,3437
2020-12-24,Chicago,1654
2020-12-24,NYC,32606
2020-12-24,San Francisco,2947
2020-12-25,Chicago,864
2020-12-25,NYC,11850
2020-12-25,San Francisco,1139
2020-12-26,Chicago,2409
2020-12-26,NYC,19791
2020-12-26,San Francisco,2784
2020-12-27,Chicago,3498
2020-12-27,NYC,23764
2020-12-27,San Francisco,2839
2020-12-28,Chicago,3657
2020-12-28,NYC,38784
2020-12-28,San Francisco,2908
2020-12-29,Chicago,2655
2020-12-29,NYC,33202
2020-12-29,San Francisco,3466
2020-12-30,Chicago,1850
2020-12-30,NYC,35705
2020-12-30,San Francisco,3271
2020-12-31,Chicago,2730
2020-12-31,NYC,26334
2020-12-31,San Francisco,3764
2021-01-01,Chicago,1068
2021-01-01,NYC,18790
2021-01-01,San Francisco,2789
2021-01-02,Chicago,2275
2021-01-02,NYC,41195
2021-01-02,San Francisco,1912
2021-01-03,Chicago,2383
2021-01-03,NYC,14578
2021-01-03,San Francisco,2720
2021-01-04,Chicago,3209
2021-01-04,NYC,36745
2021-01-04,San Francisco,2175
2021-01-05,Chicago,3845
2021-01-05,NYC,38525
2021-01-05,San Francisco,3167
2021-01-06,Chicago,3884
2021-01-06,NYC,37929
2021-01-06,San Francisco,2635
2021-01-07,Chicago,3880
2021-01-07,NYC,37971
2021-01-07,San Francisco,3134
2021-01-08,Chicago,3867
2021-01-08,NYC,37138
2021-01-08,San Francisco,3187
2021-01-09,Chicago,4961
2021-01-09,NYC,34643
2021-01-09,San Francisco,4311
2021-01-10,Chicago,3303
2021-01-10,NYC,35366
2021-01-10,San Francisco,3254
2021-01-11,Chicago,3382
2021-01-11,NYC,36106
2021-01-11,San Francisco,3022
2021-01-12,Chicago,4186
2021-01-12,NYC,42298
2021-01-12,San Francisco,2890
2021-01-13,Chicago,4449
2021-01-13,NYC,42522
2021-01-13,San Francisco,3492
2021-01-14,Chicago,3618
2021-01-14,NYC,47832
2021-01-14,San Francisco,3452
2021-01-15,Chicago,4148
2021-01-15,NYC,40508
2021-01-15,San Francisco,3895
2021-01-16,Chicago,3302
2021-01-16,NYC,41189
2021-01-16,San Francisco,4699
2021-01-17,Chicago,2546
2021-01-17,NYC,38831
2021-01-17,San Francisco,4948
2021-01-18,Chicago,3600
2021-01-18,NYC,42740
2021-01-18,San Francisco,5085
2021-01-19,Chicago,3154
2021-01-19,NYC,40592
2021-01-19,San Francisco,3242
2021-01-20,Chicago,2713
2021-01-20,NYC,36251
2021-01-20,San Francisco,3456
2021-01-21,Chicago,4202
2021-01-21,NYC,40897
2021-01-21,San Francisco,3340
2021-01-22,Chicago,3132
2021-01-22,NYC,44037
2021-01-22,San Francisco,2903
2021-01-23,Chicago,3565
2021-01-23,NYC,32137
2021-01-23,San Francisco,5146
2021-01-24,Chicago,3018
2021-01-24,NYC,27353
2021-01-24,San Francisco,1911
2021-01-25,Chicago,3032
2021-01-25,NYC,36060
2021-01-25,San Francisco,2868
2021-01-26,Chicago,1266
2021-01-26,NYC,27375
2021-01-26,San Francisco,2011
2021-01-27,Chicago,2256
2021-01-27,NYC,38982
2021-01-27,San Francisco,2037
2021-01-28,Chicago,2616
2021-01-28,NYC,34137
2021-01-28,San Francisco,2113
2021-01-29,Chicago,3268
2021-01-29,NYC,23566
2021-01-29,San Francisco,3784
2021-01-30,Chicago,2220
2021-01-30,NYC,27330
2021-01-30,San Francisco,4581
2021-01-31,Chicago,486
2021-01-31,NYC,21723
2021-01-31,San Francisco,4204
2021-02-01,Chicago,1797
2021-02-01,NYC,249
2021-02-01,San Francisco,2897
2021-02-02,Chicago,2317
2021-02-02,San Francisco,3181
2021-02-03,Chicago,2710
2021-02-03,NYC,6488
2021-02-03,San Francisco,3648
2021-02-04,Chicago,1721
2021-02-04,NYC,18792
2021-02-04,San Francisco,3669
2021-02-05,Chicago,1326
2021-02-05,NYC,24378
2021-02-05,San Francisco,4307
2021-02-06,Chicago,859
2021-02-06,NYC,31236
2021-02-06,San Francisco,5605
2021-02-07,Chicago,569
2021-02-07,NYC,8308
2021-02-07,San Francisco,4285
2021-02-08,Chicago,928
2021-02-08,NYC,18534
2021-02-08,San Francisco,3184
2021-02-09,Chicago,1288
2021-02-09,NYC,22482
2021-02-09,San Francisco,3359
2021-02-10,Chicago,1245
2021-02-10,NYC,28232
2021-02-10,San Francisco,3856
2021-02-11,Chicago,1368
2021-02-11,NYC,22979
2021-02-11,San Francisco,2379
2021-02-12,Chicago,1843
2021-02-12,NYC,26009
2021-02-12,San Francisco,4273
2021-02-13,Chicago,727
2021-02-13,NYC,23084
2021-02-13,San Francisco,4536
2021-02-14,Chicago,498
2021-02-14,NYC,23441
2021-02-14,San Francisco,3466
2021-02-15,Chicago,350
2021-02-15,NYC,23404
2021-02-15,San Francisco,2699
2021-02-16,Chicago,284
2021-02-16,NYC,31048
2021-02-16,San Francisco,3247
2021-02-17,Chicago,634
2021-02-17,NYC,30902
2021-02-17,San Francisco,3857
2021-02-18,Chicago,799
2021-02-18,NYC,7630
2021-02-18,San Francisco,3725
2021-02-19,Chicago,989
2021-02-19,NYC,12061
2021-02-19,San Francisco,3496
2021-02-20,Chicago,1141
2021-02-20,NYC,24992
2021-02-20,San Francisco,5130
2021-02-21,Chicago,905
2021-02-21,NYC,26475
2021-02-21,San Francisco,4845
2021-02-22,Chicago,1515
2021-02-22,NYC,19553
2021-02-22,San Francisco,3885
2021-02-23,Chicago,2846
2021-02-23,NYC,33534
2021-02-23,San Francisco,4206
2021-02-24,Chicago,3147
2021-02-24,NYC,46049
2021-02-24,San Francisco,4169
2021-02-25,Chicago,3185
2021-02-25,NYC,43427
2021-02-25,San Francisco,4136
2021-02-26,Chicago,3932
2021-02-26,NYC,44560
2021-02-26,San Francisco,4413
2021-02-27,Chicago,7287
2021-02-27,NYC,30815
2021-02-27,San Francisco,5460
2021-02-28,Chicago,3412
2021-02-28,NYC,21321
2021-02-28,San Francisco,5160
2021-03-01,Chicago,3467
2021-03-01,NYC,34575
2021-03-01,San Francisco,3685
2021-03-02,Chicago,4085
2021-03-02,NYC,32100
2021-03-02,San Francisco,3968
2021-03-03,Chicago,5720
2021-03-03,NYC,50122
2021-03-03,San Francisco,3827
2021-03-04,Chicago,3991
2021-03-04,NYC,40247
2021-03-04,San Francisco,4018
2021-03-05,Chicago,5440
2021-03-05,NYC,36338
2021-03-05,San Francisco,4708
2021-03-06,Chicago,6904
2021-03-06,NYC,33478
2021-03-06,San Francisco,5482
2021-03-07,Chicago,6484
2021-03-07,NYC,35352
2021-03-07,San Francisco,4587
2021-03-08,Chicago,8952
2021-03-08,NYC,38478
2021-03-08,San Francisco,3315
2021-03-09,Chicago,10409
2021-03-09,NYC,60231
2021-03-09,San Francisco,2788
2021-03-10,Chicago,7397
2021-03-10,NYC,54876
2021-03-10,San Francisco,3086
2021-03-11,Chicago,7622
2021-03-11,NYC,68394
2021-03-11,San Francisco,3754
2021-03-12,Chicago,7224
2021-03-12,NYC,69490
2021-03-12,San Francisco,4613
2021-03-13,Chicago,12664
2021-03-13,NYC,53517
2021-03-13,San Francisco,5093
2021-03-14,Chicago,5350
2021-03-14,NYC,43533
2021-03-14,San Francisco,2596
2021-03-15,Chicago,2212
2021-03-15,NYC,34394
2021-03-15,San Francisco,3250
2021-03-16,Chicago,4253
2021-03-16,NYC,38031
2021-03-16,San Francisco,3974
2021-03-17,Chicago,3742
2021-03-17,NYC,47314
2021-03-17,San Francisco,3951
2021-03-18,Chicago,3726
2021-03-18,NYC,22554
2021-03-18,San Francisco,2012
2021-03-19,Chicago,6702
2021-03-19,NYC,43779
2021-03-19,San Francisco,4562
2021-03-20,Chicago,12832
2021-03-20,NYC,65050
2021-03-20,San Francisco,5602
2021-03-21,Chicago,16342
2021-03-21,NYC,68873
2021-03-21,San Francisco,4822
2021-03-22,Chicago,11167
2021-03-22,NYC,56194
2021-03-22,San Francisco,3927
2021-03-23,Chicago,5345
2021-03-23,NYC,61564
2021-03-23,San Francisco,4142
2021-03-24,Chicago,8275
2021-03-24,NYC,32777
2021-03-24,San Francisco,4332
2021-03-25,Chicago,6127
2021-03-25,NYC,64657
2021-03-25,San Francisco,4352
2021-03-26,Chicago,6291
2021-03-26,NYC,71615
2021-03-26,San Francisco,5309
2021-03-27,Chicago,12852
2021-03-27,NYC,84712
2021-03-27,San Francisco,6498
2021-03-28,Chicago,7451
2021-03-28,NYC,25256
2021-03-28,San Francisco,5306
2021-03-29,Chicago,9027
2021-03-29,NYC,52598
2021-03-29,San Francisco,4178
2021-03-30,Chicago,9908
2021-03-30,NYC,65613
2021-03-30,San Francisco,4740
2021-03-31,Chicago,6535
2021-03-31,NYC,45382
2021-03-31,San Francisco,5483
2021-04-01,Chicago,5635
2021-04-01,NYC,45527
2021-04-01,San Francisco,5546
2021-04-02,Chicago,9313
2021-04-02,NYC,42831
2021-04-02,San Francisco,5380
2021-04-03,Chicago,19646
2021-04-03,NYC,61218
2021-04-03,San Francisco,5479
2021-04-04,Chicago,17180
2021-04-04,NYC,63335
2021-04-04,San Francisco,4430
2021-04-05,Chicago,11424
2021-04-05,NYC,68141
2021-04-05,San Francisco,3920
2021-04-06,Chicago,17313
2021-04-06,NYC,76225
2021-04-06,San Francisco,4412
2021-04-07,Chicago,15605
2021-04-07,NYC,77680
2021-04-07,San Francisco,4686
2021-04-08,Chicago,5397
2021-04-08,NYC,81552
2021-04-08,San Francisco,4927
2021-04-09,Chicago,12459
2021-04-09,NYC,68187
2021-04-09,San Francisco,5296
2021-04-10,Chicago,5532
2021-04-10,NYC,87596
2021-04-10,San Francisco,6174
2021-04-11,Chicago,10987
2021-04-11,NYC,20135
2021-04-11,San Francisco,5219
2021-04-12,Chicago,11144
2021-04-12,NYC,33647
2021-04-12,San Francisco,4248
2021-04-13,Chicago,10161
2021-04-13,NYC,78682
2021-04-13,San Francisco,4347
2021-04-14,Chicago,8337
2021-04-14,NYC,80113
2021-04-14,San Francisco,4707
2021-04-15,Chicago,8708
2021-04-15,NYC,33032
2021-04-15,San Francisco,4867
2021-04-16,Chicago,11177
2021-04-16,NYC,59414
2021-04-16,San Francisco,5085
2021-04-17,Chicago,14101
2021-04-17,NYC,77508
2021-04-17,San Francisco,5934
2021-04-18,Chicago,13319
2021-04-18,NYC,80652
2021-04-18,San Francisco,5484
2021-04-19,Chicago,6763
2021-04-19,NYC,73000
2021-04-19,San Francisco,4284
2021-04-20,Chicago,6486
2021-04-20,NYC,96136
2021-04-20,San Francisco,4752
2021-04-21,Chicago,6591
2021-04-21,NYC,61764
2021-04-21,San Francisco,4335
2021-04-22,Chicago,10827
2021-04-22,NYC,57101
2021-04-22,San Francisco,4239
2021-04-23,Chicago,13462
2021-04-23,NYC,82793
2021-04-23,San Francisco,5096
2021-04-24,Chicago,15106
2021-04-24,NYC,104081
2021-04-24,San Francisco,5651
2021-04-25,Chicago,8867
2021-04-25,NYC,58487
2021-04-25,San Francisco,3071
2021-04-26,Chicago,14430
2021-04-26,NYC,71658
2021-04-26,San Francisco,4375
2021-04-27,Chicago,18266
2021-04-27,NYC,79576
2021-04-27,San Francisco,4872
2021-04-28,Chicago,6812
2021-04-28,NYC,96329
2021-04-28,San Francisco,5344
2021-04-29,Chicago,9869
2021-04-29,NYC,70576
2021-04-29,San Francisco,4821
2021-04-30,Chicago,12313
2021-04-30,NYC,80693
2021-04-30,San Francisco,5021
2021-05-01,Chicago,24401
2021-05-01,NYC,92840
2021-05-01,San Francisco,5512
2021-05-02,Chicago,24799
2021-05-02,NYC,93982
2021-05-02,San Francisco,5369
2021-05-03,Chicago,9803
2021-05-03,NYC,60831
2021-05-03,San Francisco,4803
2021-05-04,Chicago,9327
2021-05-04,NYC,87014
2021-05-04,San Francisco,5133
2021-05-05,Chicago,12602
2021-05-05,NYC,49749
2021-05-05,San Francisco,4939
2021-05-06,Chicago,9574
2021-05-06,NYC,93267
2021-05-06,San Francisco,4933
2021-05-07,Chicago,13499
2021-05-07,NYC,91204
2021-05-07,San Francisco,6206
2021-05-08,Chicago,15241
2021-05-08,NYC,59759
2021-05-08,San Francisco,7075
2021-05-09,Chicago,7333
2021-05-09,NYC,53317
2021-05-09,San Francisco,5657
2021-05-10,Chicago,9367
2021-05-10,NYC,71172
2021-05-10,San Francisco,5206
2021-05-11,Chicago,11099
2021-05-11,NYC,89079
2021-05-11,San Francisco,5257
2021-05-12,Chicago,13436
2021-05-12,NYC,94864
2021-05-12,San Francisco,5186
2021-05-13,Chicago,16592
2021-05-13,NYC,100737
2021-05-13,San Francisco,5344
2021-05-14,Chicago,20480
2021-05-14,NYC,107380
2021-05-14,San Francisco,5425
2021-05-15,Chicago,15523
2021-05-15,NYC,118947
2021-05-15,San Francisco,5582
2021-05-16,Chicago,23552
2021-05-16,NYC,97138
2021-05-16,San Francisco,4668
2021-05-17,Chicago,15219
2021-05-17,NYC,95272
2021-05-17,San Francisco,4204
2021-05-18,Chicago,12671
2021-05-18,NYC,105861
2021-05-18,San Francisco,5128
2021-05-19,Chicago,16068
2021-05-19,NYC,109860
2021-05-19,San Francisco,5046
2021-05-20,Chicago,20540
2021-05-20,NYC,108242
2021-05-20,San Francisco,5306
2021-05-21,Chicago,24921
2021-05-21,NYC,112908
2021-05-21,San Francisco,6776
2021-05-22,Chicago,35025
2021-05-22,NYC,116548
2021-05-22,San Francisco,6911
2021-05-23,Chicago,21597
2021-05-23,NYC,107595
2021-05-23,San Francisco,5253
2021-05-24,Chicago,19949
2021-05-24,NYC,89255
2021-05-24,San Francisco,4913
2021-05-25,Chicago,18914
2021-05-25,NYC,107021
2021-05-25,San Francisco,5220
2021-05-26,Chicago,20490
2021-05-26,NYC,97890
2021-05-26,San Francisco,5329
2021-05-27,Chicago,11836
2021-05-27,NYC,112627
2021-05-27,San Francisco,5857
2021-05-28,Chicago,7319
2021-05-28,NYC,62800
2021-05-28,San Francisco,5857
2021-05-29,Chicago,21812
2021-05-29,NYC,30059
2021-05-29,San Francisco,5434
2021-05-30,Chicago,26981
2021-05-30,NYC,17684
2021-05-30,San Francisco,6312
2021-05-31,Chicago,21663
2021-05-31,NYC,89263
2021-05-31,San Francisco,5801
2021-06-01,Chicago,19510
2021-06-01,NYC,99568
2021-06-01,San Francisco,4948
2021-06-02,Chicago,20270
2021-06-02,NYC,106586
2021-06-02,San Francisco,5238
2021-06-03,Chicago,23576
2021-06-03,NYC,70042
2021-06-03,San Francisco,5896
2021-06-04,Chicago,25839
2021-06-04,NYC,86676
2021-06-04,San Francisco,6245
2021-06-05,Chicago,36697
2021-06-05,NYC,121369
2021-06-05,San Francisco,7074
2021-06-06,Chicago,29112
2021-06-06,NYC,106212
2021-06-06,San Francisco,6013
2021-06-07,Chicago,17672
2021-06-07,NYC,98136
2021-06-07,San Francisco,4999
2021-06-08,Chicago,22651
2021-06-08,NYC,74849
2021-06-08,San Francisco,5613
2021-06-09,Chicago,24871
2021-06-09,NYC,112208
2021-06-09,San Francisco,5796
2021-06-10,Chicago,25642
2021-06-10,NYC,121438
2021-06-10,San Francisco,6031
2021-06-11,Chicago,29897
2021-06-11,NYC,108153
2021-06-11,San Francisco,7296
2021-06-12,Chicago,34624
2021-06-12,NYC,117012
2021-06-12,San Francisco,8179
2021-06-13,Chicago,34832
2021-06-13,NYC,102575
2021-06-13,San Francisco,6312
2021-06-14,Chicago,23382
2021-06-14,NYC,84523
2021-06-14,San Francisco,5644
2021-06-15,Chicago,24204
2021-06-15,NYC,119217
2021-06-15,San Francisco,6674
2021-06-16,Chicago,25620
2021-06-16,NYC,122265
2021-06-16,San Francisco,7188
2021-06-17,Chicago,26334
2021-06-17,NYC,121535
2021-06-17,San Francisco,7550
2021-06-18,Chicago,28091
2021-06-18,NYC,123246
2021-06-18,San Francisco,8627
2021-06-19,Chicago,36328
2021-06-19,NYC,107542
2021-06-19,San Francisco,8396
2021-06-20,Chicago,21156
2021-06-20,NYC,107533
2021-06-20,San Francisco,6444
2021-06-21,Chicago,21563
2021-06-21,NYC,101975
2021-06-21,San Francisco,5672
2021-06-22,Chicago,25528
2021-06-22,NYC,75593
2021-06-22,San Francisco,6429
2021-06-23,Chicago,23887
2021-06-23,NYC,123492
2021-06-23,San Francisco,6583
2021-06-24,Chicago,15244
2021-06-24,NYC,120780
2021-06-24,San Francisco,7229
2021-06-25,Chicago,16815
2021-06-25,NYC,116688
2021-06-25,San Francisco,7722
2021-06-26,Chicago,14662
2021-06-26,NYC,119093
2021-06-26,San Francisco,9487
2021-06-27,Chicago,28657
2021-06-27,NYC,110160
2021-06-27,San Francisco,7218
2021-06-28,Chicago,16326
2021-06-28,NYC,98754
2021-06-28,San Francisco,5790
2021-06-29,Chicago,17727
2021-06-29,NYC,103426
2021-06-29,San Francisco,6175
2021-06-30,Chicago,18878
2021-06-30,NYC,96871
2021-06-30,San Francisco,6025
2021-07-01,Chicago,24750
2021-07-01,NYC,68029
2021-07-01,San Francisco,6225
2021-07-02,Chicago,26714
2021-07-02,NYC,78211
2021-07-02,San Francisco,6283
2021-07-03,Chicago,33045
2021-07-03,NYC,68499
2021-07-03,San Francisco,6462
2021-07-04,Chicago,33307
2021-07-04,NYC,101570
2021-07-04,San Francisco,7387
2021-07-05,Chicago,27237
2021-07-05,NYC,97858
2021-07-05,San Francisco,5752
2021-07-06,Chicago,23627
2021-07-06,NYC,77404
2021-07-06,San Francisco,5813
2021-07-07,Chicago,22992
2021-07-07,NYC,102953
2021-07-07,San Francisco,6269
2021-07-08,Chicago,22995
2021-07-08,NYC,74952
2021-07-08,San Francisco,7138
2021-07-09,Chicago,29584
2021-07-09,NYC,86377
2021-07-09,San Francisco,7851
2021-07-10,Chicago,25046
2021-07-10,NYC,109400
2021-07-10,San Francisco,8353
2021-07-11,Chicago,13238
2021-07-11,NYC,103479
2021-07-11,San Francisco,6185
2021-07-12,Chicago,20058
2021-07-12,NYC,87989
2021-07-12,San Francisco,5452
2021-07-13,Chicago,22885
2021-07-13,NYC,105508
2021-07-13,San Francisco,5971
2021-07-14,Chicago,25505
2021-07-14,NYC,110453
2021-07-14,San Francisco,6746
2021-07-15,Chicago,20869
2021-07-15,NYC,112482
2021-07-15,San Francisco,6521
2021-07-16,Chicago,24010
2021-07-16,NYC,108273
2021-07-16,San Francisco,7208
2021-07-17,Chicago,37261
2021-07-17,NYC,82393
2021-07-17,San Francisco,8303
2021-07-18,Chicago,32017
2021-07-18,NYC,99910
2021-07-18,San Francisco,6678
2021-07-19,Chicago,23872
2021-07-19,NYC,102765
2021-07-19,San Francisco,5976
2021-07-20,Chicago,26227
2021-07-20,NYC,111603
2021-07-20,San Francisco,6754
2021-07-21,Chicago,25444
2021-07-21,NYC,108755
2021-07-21,San Francisco,7026
2021-07-22,Chicago,26101
2021-07-22,NYC,118482
2021-07-22,San Francisco,7288
2021-07-23,Chicago,26232
2021-07-23,NYC,112617
2021-07-23,San Francisco,8108
2021-07-24,Chicago,31669
2021-07-24,NYC,125233
2021-07-24,San Francisco,8321
2021-07-25,Chicago,30928
2021-07-25,NYC,98055
2021-07-25,San Francisco,6808
2021-07-26,Chicago,23652
2021-07-26,NYC,98830
2021-07-26,San Francisco,5641
2021-07-27,Chicago,25047
2021-07-27,NYC,106208
2021-07-27,San Francisco,7121
2021-07-28,Chicago,26151
2021-07-28,NYC,112492
2021-07-28,San Francisco,7280
2021-07-29,Chicago,26560
2021-07-29,NYC,76088
2021-07-29,San Francisco,7434
2021-07-30,Chicago,29648
2021-07-30,NYC,115766
2021-07-30,San Francisco,7642
2021-07-31,Chicago,35739
2021-07-31,NYC,121903
2021-07-31,San Francisco,7926
2021-08-01,Chicago,30058
2021-08-01,NYC,94660
2021-08-01,San Francisco,6850
2021-08-02,Chicago,23302
2021-08-02,NYC,103217
2021-08-02,San Francisco,6132
2021-08-03,Chicago,24773
2021-08-03,NYC,108958
2021-08-03,San Francisco,6159
2021-08-04,Chicago,25215
2021-08-04,NYC,109230
2021-08-04,San Francisco,6243
2021-08-05,Chicago,26213
2021-08-05,NYC,109449
2021-08-05,San Francisco,5794
2021-08-06,Chicago,26876
2021-08-06,NYC,109426
2021-08-06,San Francisco,6720
2021-08-07,Chicago,35580
2021-08-07,NYC,115257
2021-08-07,San Francisco,7614
2021-08-08,Chicago,27451
2021-08-08,NYC,75455
2021-08-08,San Francisco,6132
2021-08-09,Chicago,17085
2021-08-09,NYC,96503
2021-08-09,San Francisco,5675
2021-08-10,Chicago,20539
2021-08-10,NYC,92678
2021-08-10,San Francisco,6663
2021-08-11,Chicago,21222
2021-08-11,NYC,97923
2021-08-11,San Francisco,6735
2021-08-12,Chicago,24047
2021-08-12,NYC,99787
2021-08-12,San Francisco,6824
2021-08-13,Chicago,28742
2021-08-13,NYC,98715
2021-08-13,San Francisco,7686
2021-08-14,Chicago,37328
2021-08-14,NYC,111781
2021-08-14,San Francisco,7930
2021-08-15,Chicago,31379
2021-08-15,NYC,108602
2021-08-15,San Francisco,6695
2021-08-16,Chicago,23447
2021-08-16,NYC,102320
2021-08-16,San Francisco,6260
2021-08-17,Chicago,24852
2021-08-17,NYC,107423
2021-08-17,San Francisco,6642
2021-08-18,Chicago,25211
2021-08-18,NYC,106527
2021-08-18,San Francisco,6932
2021-08-19,Chicago,25160
2021-08-19,NYC,104846
2021-08-19,San Francisco,6655
2021-08-20,Chicago,28344
2021-08-20,NYC,102337
2021-08-20,San Francisco,6853
2021-08-21,Chicago,31412
2021-08-21,NYC,96370
2021-08-21,San Francisco,7107
2021-08-22,Chicago,30316
2021-08-22,NYC,15852
2021-08-22,San Francisco,6462
2021-08-23,Chicago,23607
2021-08-23,NYC,76853
2021-08-23,San Francisco,5526
2021-08-24,Chicago,17496
2021-08-24,NYC,109279
2021-08-24,San Francisco,6342
2021-08-25,Chicago,20604
2021-08-25,NYC,106712
2021-08-25,San Francisco,6709
2021-08-26,Chicago,26247
2021-08-26,NYC,103683
2021-08-26,San Francisco,7107
2021-08-27,Chicago,27724
2021-08-27,NYC,88698
2021-08-27,San Francisco,7987
2021-08-28,Chicago,30735
2021-08-28,NYC,104332
2021-08-28,San Francisco,8068
2021-08-29,Chicago,23554
2021-08-29,NYC,102469
2021-08-29,San Francisco,6093
2021-08-30,Chicago,22570
2021-08-30,NYC,101166
2021-08-30,San Francisco,5917
2021-08-31,Chicago,23263
2021-08-31,NYC,111970
2021-08-31,San Francisco,6511
2021-09-01,Chicago,25025
2021-09-01,NYC,50782
2021-09-01,San Francisco,6554
2021-09-02,Chicago,24981
2021-09-02,NYC,126450
2021-09-02,San Francisco,6553
2021-09-03,Chicago,24010
2021-09-03,NYC,115060
2021-09-03,San Francisco,7353
2021-09-04,Chicago,27857
2021-09-04,NYC,109096
2021-09-04,San Francisco,7586
2021-09-05,Chicago,32858
2021-09-05,NYC,87491
2021-09-05,San Francisco,7280
2021-09-06,Chicago,29033
2021-09-06,NYC,106319
2021-09-06,San Francisco,6179
2021-09-07,Chicago,19407
2021-09-07,NYC,106915
2021-09-07,San Francisco,6186
2021-09-08,Chicago,24442
2021-09-08,NYC,113132
2021-09-08,San Francisco,6922
2021-09-09,Chicago,25208
2021-09-09,NYC,77648
2021-09-09,San Francisco,6613
2021-09-10,Chicago,26983
2021-09-10,NYC,126605
2021-09-10,San Francisco,6984
2021-09-11,Chicago,32806
2021-09-11,NYC,133564
2021-09-11,San Francisco,8078
2021-09-12,Chicago,26935
2021-09-12,NYC,117208
2021-09-12,San Francisco,6915
2021-09-13,Chicago,21851
2021-09-13,NYC,105983
2021-09-13,San Francisco,6387
2021-09-14,Chicago,23357
2021-09-14,NYC,118471
2021-09-14,San Francisco,6856
2021-09-15,Chicago,24853
2021-09-15,NYC,118359
2021-09-15,San Francisco,6934
2021-09-16,Chicago,27164
2021-09-16,NYC,109630
2021-09-16,San Francisco,6760
2021-09-17,Chicago,27005
2021-09-17,NYC,111908
2021-09-17,San Francisco,7681
2021-09-18,Chicago,33011
2021-09-18,NYC,124633
2021-09-18,San Francisco,8284
2021-09-19,Chicago,28802
2021-09-19,NYC,116461
2021-09-19,San Francisco,8602
2021-09-20,Chicago,20055
2021-09-20,NYC,109092
2021-09-20,San Francisco,6603
2021-09-21,Chicago,18303
2021-09-21,NYC,113237
2021-09-21,San Francisco,7146
2021-09-22,Chicago,17179
2021-09-22,NYC,113373
2021-09-22,San Francisco,6999
2021-09-23,Chicago,20728
2021-09-23,NYC,86729
2021-09-23,San Francisco,7213
2021-09-24,Chicago,24947
2021-09-24,NYC,115890
2021-09-24,San Francisco,7535
2021-09-25,Chicago,30473
2021-09-25,NYC,125178
2021-09-25,San Francisco,7485
2021-09-26,Chicago,26707
2021-09-26,NYC,113543
2021-09-26,San Francisco,6916
2021-09-27,Chicago,21688
2021-09-27,NYC,106803
2021-09-27,San Francisco,5383
2021-09-28,Chicago,22755
2021-09-28,NYC,96552
2021-09-28,San Francisco,7281
2021-09-29,Chicago,23645
2021-09-29,NYC,111532
2021-09-29,San Francisco,7307
2021-09-30,Chicago,24079
2021-09-30,NYC,112577
2021-09-30,San Francisco,7937
2021-10-01,Chicago,27170
2021-10-01,NYC,115828
2021-10-01,San Francisco,9040
2021-10-02,Chicago,24616
2021-10-02,NYC,120155
2021-10-02,San Francisco,8978
2021-10-03,Chicago,19724
2021-10-03,NYC,108304
2021-10-03,San Francisco,7597
2021-10-04,Chicago,18688
2021-10-04,NYC,73613
2021-10-04,San Francisco,6138
2021-10-05,Chicago,21168
2021-10-05,NYC,103932
2021-10-05,San Francisco,6567
2021-10-06,Chicago,21918
2021-10-06,NYC,110685
2021-10-06,San Francisco,6844
2021-10-07,Chicago,17278
2021-10-07,NYC,115335
2021-10-07,San Francisco,6693
2021-10-08,Chicago,22166
2021-10-08,NYC,115808
2021-10-08,San Francisco,8770
2021-10-09,Chicago,33202
2021-10-09,NYC,108091
2021-10-09,San Francisco,10823
2021-10-10,Chicago,32031
2021-10-10,NYC,69386
2021-10-10,San Francisco,8208
2021-10-11,Chicago,13970
2021-10-11,NYC,97257
2021-10-11,San Francisco,5884
2021-10-12,Chicago,20992
2021-10-12,NYC,108314
2021-10-12,San Francisco,6416
2021-10-13,Chicago,19563
2021-10-13,NYC,109850
2021-10-13,San Francisco,6406
2021-10-14,Chicago,22356
2021-10-14,NYC,116278
2021-10-14,San Francisco,8340
2021-10-15,Chicago,21814
2021-10-15,NYC,118471
2021-10-15,San Francisco,8134
2021-10-16,Chicago,27107
2021-10-16,NYC,99245
2021-10-16,San Francisco,9322
2021-10-17,Chicago,25205
2021-10-17,NYC,90860
2021-10-17,San Francisco,6026
2021-10-18,Chicago,21671
2021-10-18,NYC,87314
2021-10-18,San Francisco,5809
2021-10-19,Chicago,23869
2021-10-19,NYC,100118
2021-10-19,San Francisco,6402
2021-10-20,Chicago,23718
2021-10-20,NYC,112026
2021-10-20,San Francisco,4016
2021-10-21,Chicago,18304
2021-10-21,NYC,113734
2021-10-21,San Francisco,5377
2021-10-22,Chicago,20768
2021-10-22,NYC,111573
2021-10-22,San Francisco,6431
2021-10-23,Chicago,23200
2021-10-23,NYC,91369
2021-10-23,San Francisco,6160
2021-10-24,Chicago,5649
2021-10-24,NYC,85039
2021-10-24,San Francisco,753
2021-10-25,Chicago,9386
2021-10-25,NYC,92446
2021-10-25,San Francisco,5252
2021-10-26,Chicago,18617
2021-10-26,NYC,48015
2021-10-26,San Francisco,6275
2021-10-27,Chicago,19386
2021-10-27,NYC,97986
2021-10-27,San Francisco,7110
2021-10-28,Chicago,11512
2021-10-28,NYC,100689
2021-10-28,San Francisco,8416
2021-10-29,Chicago,7409
2021-10-29,NYC,82622
2021-10-29,San Francisco,11329
2021-10-30,Chicago,20598
2021-10-30,NYC,79170
2021-10-30,San Francisco,9889
2021-10-31,Chicago,18171
2021-10-31,NYC,85726
2021-10-31,San Francisco,9165
2021-11-01,Chicago,14447
2021-11-01,NYC,89655
2021-11-01,San Francisco,3783
2021-11-02,Chicago,14943
2021-11-02,NYC,82811
2021-11-02,San Francisco,6689
2021-11-03,Chicago,14820
2021-11-03,NYC,87259
2021-11-03,San Francisco,7489
2021-11-04,Chicago,15088
2021-11-04,NYC,85758
2021-11-04,San Francisco,7366
2021-11-05,Chicago,16397
2021-11-05,NYC,86279
2021-11-05,San Francisco,7576
2021-11-06,Chicago,19119
2021-11-06,NYC,84659
2021-11-06,San Francisco,7378
2021-11-07,Chicago,19074
2021-11-07,NYC,79380
2021-11-07,San Francisco,6360
2021-11-08,Chicago,17506
2021-11-08,NYC,84958
2021-11-08,San Francisco,4802
2021-11-09,Chicago,16771
2021-11-09,NYC,96712
2021-11-09,San Francisco,4693
2021-11-10,Chicago,17681
2021-11-10,NYC,98195
2021-11-10,San Francisco,7020
2021-11-11,Chicago,12299
2021-11-11,NYC,92925
2021-11-11,San Francisco,7266
2021-11-12,Chicago,10226
2021-11-12,NYC,69975
2021-11-12,San Francisco,8430
2021-11-13,Chicago,10999
2021-11-13,NYC,71475
2021-11-13,San Francisco,8562
2021-11-14,Chicago,7400
2021-11-14,NYC,63193
2021-11-14,San Francisco,6785
2021-11-15,Chicago,9989
2021-11-15,NYC,68372
2021-11-15,San Francisco,5937
2021-11-16,Chicago,13773
2021-11-16,NYC,77279
2021-11-16,San Francisco,6751
2021-11-17,Chicago,11620
2021-11-17,NYC,85554
2021-11-17,San Francisco,7045
2021-11-18,Chicago,11062
2021-11-18,NYC,94672
2021-11-18,San Francisco,6608
2021-11-19,Chicago,11914
2021-11-19,NYC,74090
2021-11-19,San Francisco,5983
2021-11-20,Chicago,13318
2021-11-20,NYC,69554
2021-11-20,San Francisco,6777
2021-11-21,Chicago,11087
2021-11-21,NYC,65383
2021-11-21,San Francisco,5784
2021-11-22,Chicago,8582
2021-11-22,NYC,63652
2021-11-22,San Francisco,5427
2021-11-23,Chicago,9536
2021-11-23,NYC,61201
2021-11-23,San Francisco,5640
2021-11-24,Chicago,9032
2021-11-24,NYC,57450
2021-11-24,San Francisco,5437
2021-11-25,Chicago,4191
2021-11-25,NYC,35034
2021-11-25,San Francisco,3096
2021-11-26,Chicago,4572
2021-11-26,NYC,31985
2021-11-26,San Francisco,4265
2021-11-27,Chicago,6483
2021-11-27,NYC,37424
2021-11-27,San Francisco,4961
2021-11-28,Chicago,6442
2021-11-28,NYC,41660
2021-11-28,San Francisco,4830
2021-11-29,Chicago,9331
2021-11-29,NYC,58569
2021-11-29,San Francisco,5049
2021-11-30,Chicago,12276
2021-11-30,NYC,64170
2021-11-30,San Francisco,5976
2021-12-01,Chicago,12529
2021-12-01,NYC,74033
2021-12-01,San Francisco,6533
2021-12-02,Chicago,15179
2021-12-02,NYC,79362
2021-12-02,San Francisco,6671
2021-12-03,Chicago,13872
2021-12-03,NYC,72585
2021-12-03,San Francisco,6855
2021-12-04,Chicago,12192
2021-12-04,NYC,68161
2021-12-04,San Francisco,6422
2021-12-05,Chicago,4926
2021-12-05,NYC,62509
2021-12-05,San Francisco,5033
2021-12-06,Chicago,7763
2021-12-06,NYC,67735
2021-12-06,San Francisco,5241
2021-12-07,Chicago,7487
2021-12-07,NYC,67189
2021-12-07,San Francisco,6671
2021-12-08,Chicago,9350
2021-12-08,NYC,65876
2021-12-08,San Francisco,6660
2021-12-09,Chicago,10877
2021-12-09,NYC,66553
2021-12-09,San Francisco,6869
2021-12-10,Chicago,8171
2021-12-10,NYC,75593
2021-12-10,San Francisco,7286
2021-12-11,Chicago,8598
2021-12-11,NYC,64261
2021-12-11,San Francisco,7310
2021-12-12,Chicago,9019
2021-12-12,NYC,62109
2021-12-12,San Francisco,1700
2021-12-13,Chicago,9962
2021-12-13,NYC,68299
2021-12-13,San Francisco,1756
2021-12-14,Chicago,11190
2021-12-14,NYC,75703
2021-12-14,San Francisco,5251
2021-12-15,Chicago,12201
2021-12-15,NYC,73103
2021-12-15,San Francisco,4114
2021-12-16,Chicago,9486
2021-12-16,NYC,80607
2021-12-16,San Francisco,5875
2021-12-17,Chicago,9060
2021-12-17,NYC,78035
2021-12-17,San Francisco,6367
2021-12-18,Chicago,6303
2021-12-18,NYC,39513
2021-12-18,San Francisco,5411
2021-12-19,Chicago,6023
2021-12-19,NYC,40310
2021-12-19,San Francisco,3821
2021-12-20,Chicago,7590
2021-12-20,NYC,45540
2021-12-20,San Francisco,4143
2021-12-21,Chicago,6879
2021-12-21,NYC,50951
2021-12-21,San Francisco,3189
2021-12-22,Chicago,5292
2021-12-22,NYC,41926
2021-12-22,San Francisco,2087
2021-12-23,Chicago,6096
2021-12-23,NYC,41284
2021-12-23,San Francisco,2648
2021-12-24,Chicago,4806
2021-12-24,NYC,31319
2021-12-24,San Francisco,2527
2021-12-25,Chicago,3063
2021-12-25,NYC,16406
2021-12-25,San Francisco,724
2021-12-26,Chicago,3865
2021-12-26,NYC,31737
2021-12-26,San Francisco,1241
2021-12-27,Chicago,4903
2021-12-27,NYC,31583
2021-12-27,San Francisco,2161
2021-12-28,Chicago,2830
2021-12-28,NYC,40728
2021-12-28,San Francisco,2576
2021-12-29,Chicago,5370
2021-12-29,NYC,39656
2021-12-29,San Francisco,1374
2021-12-30,Chicago,6129
2021-12-30,NYC,46925
2021-12-30,San Francisco,3700
2021-12-31,Chicago,6529
2021-12-31,NYC,48696
2021-12-31,San Francisco,3622
2022-01-01,Chicago,2563
2022-01-01,NYC,20895
2022-01-01,San Francisco,3562
2022-01-02,Chicago,2062
2022-01-02,NYC,44234
2022-01-02,San Francisco,3200
2022-01-03,Chicago,3135
2022-01-03,NYC,34126
2022-01-03,San Francisco,2756
2022-01-04,Chicago,4377
2022-01-04,NYC,37879
2022-01-04,San Francisco,3240
2022-01-05,Chicago,2722
2022-01-05,NYC,35080
2022-01-05,San Francisco,3905
2022-01-06,Chicago,2852
2022-01-06,NYC,46004
2022-01-06,San Francisco,3859
2022-01-07,Chicago,2426
2022-01-07,NYC,17838
2022-01-07,San Francisco,3581
2022-01-08,Chicago,2604
2022-01-08,NYC,25129
2022-01-08,San Francisco,4769
2022-01-09,Chicago,2112
2022-01-09,NYC,22088
2022-01-09,San Francisco,4475
2022-01-10,Chicago,2685
2022-01-10,NYC,35717
2022-01-10,San Francisco,4282
2022-01-11,Chicago,3570
2022-01-11,NYC,27704
2022-01-11,San Francisco,4739
2022-01-12,Chicago,5735
2022-01-12,NYC,41636
2022-01-12,San Francisco,4900
2022-01-13,Chicago,5989
2022-01-13,NYC,51798
2022-01-13,San Francisco,5027
2022-01-14,Chicago,4922
2022-01-14,NYC,46837
2022-01-14,San Francisco,5288
2022-01-15,Chicago,3153
2022-01-15,NYC,23717
2022-01-15,San Francisco,5361
2022-01-16,Chicago,3354
2022-01-16,NYC,21588
2022-01-16,San Francisco,5060
2022-01-17,Chicago,3652
2022-01-17,NYC,29887
2022-01-17,San Francisco,4870
2022-01-18,Chicago,5770
2022-01-18,NYC,44045
2022-01-18,San Francisco,4749
2022-01-19,Chicago,4760
2022-01-19,NYC,55371
2022-01-19,San Francisco,5034
2022-01-20,Chicago,3868
2022-01-20,NYC,34901
2022-01-20,San Francisco,5326
2022-01-21,Chicago,4575
2022-01-21,NYC,35006
2022-01-21,San Francisco,5949
2022-01-22,Chicago,4093
2022-01-22,NYC,33018
2022-01-22,San Francisco,6695
2022-01-23,Chicago,1444
2022-01-23,NYC,33817
2022-01-23,San Francisco,5697
2022-01-24,Chicago,1802
2022-01-24,NYC,42591
2022-01-24,San Francisco,4746
2022-01-25,Chicago,2432
2022-01-25,NYC,51982
2022-01-25,San Francisco,5422
2022-01-26,Chicago,1957
2022-01-26,NYC,43279
2022-01-26,San Francisco,5507
2022-01-27,Chicago,3845
2022-01-27,NYC,45058
2022-01-27,San Francisco,5932
2022-01-28,Chicago,1888
2022-01-28,NYC,35740
2022-01-28,San Francisco,6165
2022-01-29,Chicago,2357
2022-01-29,NYC,2927
2022-01-29,San Francisco,6635
2022-01-30,Chicago,2537
2022-01-30,NYC,9688
2022-01-30,San Francisco,5548
2022-01-31,Chicago,4529
2022-01-31,NYC,22769
2022-01-31,San Francisco,4947
